"ID";"Year";"LocationAbbr";"Locationdesc";"Class";"Topic";"Indicator";"Response";"DataSource";"Data_Value_Unit";"Data_Value_Type";"Data_value";"Data_Value_Footnote_Symbol";"Data_Value_Footnote";"Low_Confidence_Limit";"High_Confidence_Limit";"Sample_Size";"Stratification";"StratificationType";"IndicatorId";"LocationOrder";"ParentStateDisplayOrder";"FootnoteType";"FootNoteSymbol";"FootnoteText";"URL";"DatasourceAbbr";"Agency"
"2951159";"2016";"AL";"Alabama";"Chronic Health Indicators";"Diabetes";"Have you ever been told by a doctor that you have diabetes?";"Yes";"BRFSS";"%";"Age-adjusted Prevalence";"13.2";"";"";"12.2";"14.2";"1252";"Overall";"Overall";"DIABETE3";"3";"3";"";"";"";"";"";""
"2951251";"2016";"AK";"Alaska";"Chronic Health Indicators";"Diabetes";"Have you ever been told by a doctor that you have diabetes?";"Yes";"BRFSS";"%";"Age-adjusted Prevalence";"7.7";"";"";"6.3";"9.2";"301";"Overall";"Overall";"DIABETE3";"4";"4";"";"";"";"";"";""
"2951759";"2016";"AZ";"Arizona";"Chronic Health Indicators";"Diabetes";"Have you ever been told by a doctor that you have diabetes?";"Yes";"BRFSS";"%";"Age-adjusted Prevalence";"9.7";"";"";"9.0";"10.5";"1600";"Overall";"Overall";"DIABETE3";"5";"5";"";"";"";"";"";""
"2951301";"2016";"AR";"Arkansas";"Chronic Health Indicators";"Diabetes";"Have you ever been told by a doctor that you have diabetes?";"Yes";"BRFSS";"%";"Age-adjusted Prevalence";"12.1";"";"";"10.8";"13.5";"993";"Overall";"Overall";"DIABETE3";"6";"6";"";"";"";"";"";""
"2951515";"2016";"CA";"California";"Chronic Health Indicators";"Diabetes";"Have you ever been told by a doctor that you have diabetes?";"Yes";"BRFSS";"%";"Age-adjusted Prevalence";"9.6";"";"";"9.0";"10.3";"1210";"Overall";"Overall";"DIABETE3";"7";"7";"";"";"";"";"";""
"2951928";"2016";"CO";"Colorado";"Chronic Health Indicators";"Diabetes";"Have you ever been told by a doctor that you have diabetes?";"Yes";"BRFSS";"%";"Age-adjusted Prevalence";"6.2";"";"";"5.8";"6.6";"1363";"Overall";"Overall";"DIABETE3";"8";"8";"";"";"";"";"";""
"2951956";"2016";"CT";"Connecticut";"Chronic Health Indicators";"Diabetes";"Have you ever been told by a doctor that you have diabetes?";"Yes";"BRFSS";"%";"Age-adjusted Prevalence";"8.5";"";"";"7.9";"9.1";"1327";"Overall";"Overall";"DIABETE3";"9";"9";"";"";"";"";"";""
"2951687";"2016";"DE";"Delaware";"Chronic Health Indicators";"Diabetes";"Have you ever been told by a doctor that you have diabetes?";"Yes";"BRFSS";"%";"Age-adjusted Prevalence";"9.1";"";"";"8.1";"10.1";"570";"Overall";"Overall";"DIABETE3";"10";"10";"";"";"";"";"";""
"2952099";"2016";"DC";"District of Columbia";"Chronic Health Indicators";"Diabetes";"Have you ever been told by a doctor that you have diabetes?";"Yes";"BRFSS";"%";"Age-adjusted Prevalence";"8.4";"";"";"7.5";"9.2";"469";"Overall";"Overall";"DIABETE3";"11";"11";"";"";"";"";"";""
"2952510";"2016";"FL";"Florida";"Chronic Health Indicators";"Diabetes";"Have you ever been told by a doctor that you have diabetes?";"Yes";"BRFSS";"%";"Age-adjusted Prevalence";"9.8";"";"";"9.2";"10.4";"5749";"Overall";"Overall";"DIABETE3";"12";"12";"";"";"";"";"";""
"2952860";"2016";"GA";"Georgia";"Chronic Health Indicators";"Diabetes";"Have you ever been told by a doctor that you have diabetes?";"Yes";"BRFSS";"%";"Age-adjusted Prevalence";"11.4";"";"";"10.5";"12.3";"895";"Overall";"Overall";"DIABETE3";"13";"13";"";"";"";"";"";""
"2952562";"2016";"HI";"Hawaii";"Chronic Health Indicators";"Diabetes";"Have you ever been told by a doctor that you have diabetes?";"Yes";"BRFSS";"%";"Age-adjusted Prevalence";"9.5";"";"";"8.7";"10.3";"993";"Overall";"Overall";"DIABETE3";"14";"14";"";"";"";"";"";""
"2952909";"2016";"ID";"Idaho";"Chronic Health Indicators";"Diabetes";"Have you ever been told by a doctor that you have diabetes?";"Yes";"BRFSS";"%";"Age-adjusted Prevalence";"8.1";"";"";"7.2";"8.9";"647";"Overall";"Overall";"DIABETE3";"15";"15";"";"";"";"";"";""
"2952323";"2016";"IL";"Illinois";"Chronic Health Indicators";"Diabetes";"Have you ever been told by a doctor that you have diabetes?";"Yes";"BRFSS";"%";"Age-adjusted Prevalence";"9.5";"";"";"8.6";"10.4";"588";"Overall";"Overall";"DIABETE3";"16";"16";"";"";"";"";"";""
"2953156";"2016";"IN";"Indiana";"Chronic Health Indicators";"Diabetes";"Have you ever been told by a doctor that you have diabetes?";"Yes";"BRFSS";"%";"Age-adjusted Prevalence";"10.5";"";"";"9.8";"11.1";"1785";"Overall";"Overall";"DIABETE3";"17";"17";"";"";"";"";"";""
"2952987";"2016";"IA";"Iowa";"Chronic Health Indicators";"Diabetes";"Have you ever been told by a doctor that you have diabetes?";"Yes";"BRFSS";"%";"Age-adjusted Prevalence";"8.1";"";"";"7.5";"8.8";"936";"Overall";"Overall";"DIABETE3";"18";"18";"";"";"";"";"";""
"2952687";"2016";"KS";"Kansas";"Chronic Health Indicators";"Diabetes";"Have you ever been told by a doctor that you have diabetes?";"Yes";"BRFSS";"%";"Age-adjusted Prevalence";"8.5";"";"";"8.0";"9.0";"1510";"Overall";"Overall";"DIABETE3";"19";"19";"";"";"";"";"";""
"2953197";"2016";"KY";"Kentucky";"Chronic Health Indicators";"Diabetes";"Have you ever been told by a doctor that you have diabetes?";"Yes";"BRFSS";"%";"Age-adjusted Prevalence";"11.8";"";"";"10.9";"12.7";"1609";"Overall";"Overall";"DIABETE3";"20";"20";"";"";"";"";"";""
"2953512";"2016";"LA";"Louisiana";"Chronic Health Indicators";"Diabetes";"Have you ever been told by a doctor that you have diabetes?";"Yes";"BRFSS";"%";"Age-adjusted Prevalence";"11.1";"";"";"10.1";"12.1";"934";"Overall";"Overall";"DIABETE3";"21";"21";"";"";"";"";"";""
"2953959";"2016";"ME";"Maine";"Chronic Health Indicators";"Diabetes";"Have you ever been told by a doctor that you have diabetes?";"Yes";"BRFSS";"%";"Age-adjusted Prevalence";"8.5";"";"";"7.8";"9.2";"1228";"Overall";"Overall";"DIABETE3";"22";"22";"";"";"";"";"";""
"2953565";"2016";"MD";"Maryland";"Chronic Health Indicators";"Diabetes";"Have you ever been told by a doctor that you have diabetes?";"Yes";"BRFSS";"%";"Age-adjusted Prevalence";"9.8";"";"";"9.2";"10.4";"2692";"Overall";"Overall";"DIABETE3";"23";"23";"";"";"";"";"";""
"2954006";"2016";"MA";"Massachusetts";"Chronic Health Indicators";"Diabetes";"Have you ever been told by a doctor that you have diabetes?";"Yes";"BRFSS";"%";"Age-adjusted Prevalence";"8.3";"";"";"7.5";"9.0";"974";"Overall";"Overall";"DIABETE3";"24";"24";"";"";"";"";"";""
"2953418";"2016";"MI";"Michigan";"Chronic Health Indicators";"Diabetes";"Have you ever been told by a doctor that you have diabetes?";"Yes";"BRFSS";"%";"Age-adjusted Prevalence";"9.8";"";"";"9.2";"10.4";"1578";"Overall";"Overall";"DIABETE3";"25";"25";"";"";"";"";"";""
"2953735";"2016";"MN";"Minnesota";"Chronic Health Indicators";"Diabetes";"Have you ever been told by a doctor that you have diabetes?";"Yes";"BRFSS";"%";"Age-adjusted Prevalence";"7.6";"";"";"7.1";"8.0";"1692";"Overall";"Overall";"DIABETE3";"26";"26";"";"";"";"";"";""
"2954082";"2016";"MS";"Mississippi";"Chronic Health Indicators";"Diabetes";"Have you ever been told by a doctor that you have diabetes?";"Yes";"BRFSS";"%";"Age-adjusted Prevalence";"12.5";"";"";"11.4";"13.5";"889";"Overall";"Overall";"DIABETE3";"27";"27";"";"";"";"";"";""
"2954365";"2016";"MO";"Missouri";"Chronic Health Indicators";"Diabetes";"Have you ever been told by a doctor that you have diabetes?";"Yes";"BRFSS";"%";"Age-adjusted Prevalence";"10.3";"";"";"9.3";"11.2";"1156";"Overall";"Overall";"DIABETE3";"28";"28";"";"";"";"";"";""
"2954777";"2016";"MT";"Montana";"Chronic Health Indicators";"Diabetes";"Have you ever been told by a doctor that you have diabetes?";"Yes";"BRFSS";"%";"Age-adjusted Prevalence";"6.9";"";"";"6.1";"7.6";"715";"Overall";"Overall";"DIABETE3";"29";"29";"";"";"";"";"";""
"2954223";"2016";"NE";"Nebraska";"Chronic Health Indicators";"Diabetes";"Have you ever been told by a doctor that you have diabetes?";"Yes";"BRFSS";"%";"Age-adjusted Prevalence";"8.0";"";"";"7.4";"8.6";"1787";"Overall";"Overall";"DIABETE3";"30";"30";"";"";"";"";"";""
"2954536";"2016";"NV";"Nevada";"Chronic Health Indicators";"Diabetes";"Have you ever been told by a doctor that you have diabetes?";"Yes";"BRFSS";"%";"Age-adjusted Prevalence";"10.1";"";"";"9.0";"11.2";"547";"Overall";"Overall";"DIABETE3";"31";"31";"";"";"";"";"";""
"2954274";"2016";"NH";"New Hampshire";"Chronic Health Indicators";"Diabetes";"Have you ever been told by a doctor that you have diabetes?";"Yes";"BRFSS";"%";"Age-adjusted Prevalence";"7.6";"";"";"6.9";"8.4";"788";"Overall";"Overall";"DIABETE3";"32";"32";"";"";"";"";"";""
"2954585";"2016";"NJ";"New Jersey";"Chronic Health Indicators";"Diabetes";"Have you ever been told by a doctor that you have diabetes?";"Yes";"BRFSS";"%";"Age-adjusted Prevalence";"8.1";"";"";"7.3";"8.9";"901";"Overall";"Overall";"DIABETE3";"33";"33";"";"";"";"";"";""
"2954997";"2016";"NM";"New Mexico";"Chronic Health Indicators";"Diabetes";"Have you ever been told by a doctor that you have diabetes?";"Yes";"BRFSS";"%";"Age-adjusted Prevalence";"10.4";"";"";"9.5";"11.4";"904";"Overall";"Overall";"DIABETE3";"34";"34";"";"";"";"";"";""
"2954733";"2016";"NY";"New York";"Chronic Health Indicators";"Diabetes";"Have you ever been told by a doctor that you have diabetes?";"Yes";"BRFSS";"%";"Age-adjusted Prevalence";"9.5";"";"";"8.9";"10.0";"4494";"Overall";"Overall";"DIABETE3";"35";"35";"";"";"";"";"";""
"2955145";"2016";"NC";"North Carolina";"Chronic Health Indicators";"Diabetes";"Have you ever been told by a doctor that you have diabetes?";"Yes";"BRFSS";"%";"Age-adjusted Prevalence";"10.1";"";"";"9.3";"10.9";"892";"Overall";"Overall";"DIABETE3";"36";"36";"";"";"";"";"";""
"2955460";"2016";"ND";"North Dakota";"Chronic Health Indicators";"Diabetes";"Have you ever been told by a doctor that you have diabetes?";"Yes";"BRFSS";"%";"Age-adjusted Prevalence";"8.2";"";"";"7.4";"8.9";"678";"Overall";"Overall";"DIABETE3";"37";"37";"";"";"";"";"";""
"2955773";"2016";"OH";"Ohio";"Chronic Health Indicators";"Diabetes";"Have you ever been told by a doctor that you have diabetes?";"Yes";"BRFSS";"%";"Age-adjusted Prevalence";"9.7";"";"";"9.0";"10.3";"1938";"Overall";"Overall";"DIABETE3";"38";"38";"";"";"";"";"";""
"2955317";"2016";"OK";"Oklahoma";"Chronic Health Indicators";"Diabetes";"Have you ever been told by a doctor that you have diabetes?";"Yes";"BRFSS";"%";"Age-adjusted Prevalence";"11.0";"";"";"10.1";"11.8";"1086";"Overall";"Overall";"DIABETE3";"39";"39";"";"";"";"";"";""
"2955629";"2016";"OR";"Oregon";"Chronic Health Indicators";"Diabetes";"Have you ever been told by a doctor that you have diabetes?";"Yes";"BRFSS";"%";"Age-adjusted Prevalence";"8.4";"";"";"7.6";"9.2";"590";"Overall";"Overall";"DIABETE3";"40";"40";"";"";"";"";"";""
"2955368";"2016";"PA";"Pennsylvania";"Chronic Health Indicators";"Diabetes";"Have you ever been told by a doctor that you have diabetes?";"Yes";"BRFSS";"%";"Age-adjusted Prevalence";"9.6";"";"";"8.8";"10.4";"824";"Overall";"Overall";"DIABETE3";"41";"41";"";"";"";"";"";""
"2956066";"2016";"RI";"Rhode Island";"Chronic Health Indicators";"Diabetes";"Have you ever been told by a doctor that you have diabetes?";"Yes";"BRFSS";"%";"Age-adjusted Prevalence";"8.6";"";"";"7.8";"9.5";"692";"Overall";"Overall";"DIABETE3";"42";"42";"";"";"";"";"";""
"2955705";"2016";"SC";"South Carolina";"Chronic Health Indicators";"Diabetes";"Have you ever been told by a doctor that you have diabetes?";"Yes";"BRFSS";"%";"Age-adjusted Prevalence";"11.5";"";"";"10.8";"12.2";"1988";"Overall";"Overall";"DIABETE3";"43";"43";"";"";"";"";"";""
"2955927";"2016";"SD";"South Dakota";"Chronic Health Indicators";"Diabetes";"Have you ever been told by a doctor that you have diabetes?";"Yes";"BRFSS";"%";"Age-adjusted Prevalence";"6.9";"";"";"6.0";"7.7";"707";"Overall";"Overall";"DIABETE3";"44";"44";"";"";"";"";"";""
"2956435";"2016";"TN";"Tennessee";"Chronic Health Indicators";"Diabetes";"Have you ever been told by a doctor that you have diabetes?";"Yes";"BRFSS";"%";"Age-adjusted Prevalence";"11.3";"";"";"10.4";"12.2";"1004";"Overall";"Overall";"DIABETE3";"45";"45";"";"";"";"";"";""
"2956885";"2016";"TX";"Texas";"Chronic Health Indicators";"Diabetes";"Have you ever been told by a doctor that you have diabetes?";"Yes";"BRFSS";"%";"Age-adjusted Prevalence";"10.9";"";"";"10.0";"11.9";"1894";"Overall";"Overall";"DIABETE3";"46";"46";"";"";"";"";"";""
"2956198";"2016";"UT";"Utah";"Chronic Health Indicators";"Diabetes";"Have you ever been told by a doctor that you have diabetes?";"Yes";"BRFSS";"%";"Age-adjusted Prevalence";"7.7";"";"";"7.1";"8.3";"1126";"Overall";"Overall";"DIABETE3";"47";"47";"";"";"";"";"";""
"2956510";"2016";"VT";"Vermont";"Chronic Health Indicators";"Diabetes";"Have you ever been told by a doctor that you have diabetes?";"Yes";"BRFSS";"%";"Age-adjusted Prevalence";"7.3";"";"";"6.5";"8.0";"708";"Overall";"Overall";"DIABETE3";"48";"48";"";"";"";"";"";""
"2957054";"2016";"VA";"Virginia";"Chronic Health Indicators";"Diabetes";"Have you ever been told by a doctor that you have diabetes?";"Yes";"BRFSS";"%";"Age-adjusted Prevalence";"9.6";"";"";"8.9";"10.2";"1215";"Overall";"Overall";"DIABETE3";"49";"49";"";"";"";"";"";""
"2956561";"2016";"WA";"Washington";"Chronic Health Indicators";"Diabetes";"Have you ever been told by a doctor that you have diabetes?";"Yes";"BRFSS";"%";"Age-adjusted Prevalence";"8.6";"";"";"8.1";"9.1";"1671";"Overall";"Overall";"DIABETE3";"50";"50";"";"";"";"";"";""
"2956681";"2016";"WV";"West Virginia";"Chronic Health Indicators";"Diabetes";"Have you ever been told by a doctor that you have diabetes?";"Yes";"BRFSS";"%";"Age-adjusted Prevalence";"12.8";"";"";"11.9";"13.6";"1229";"Overall";"Overall";"DIABETE3";"51";"51";"";"";"";"";"";""
"2957129";"2016";"WI";"Wisconsin";"Chronic Health Indicators";"Diabetes";"Have you ever been told by a doctor that you have diabetes?";"Yes";"BRFSS";"%";"Age-adjusted Prevalence";"8.6";"";"";"7.7";"9.4";"655";"Overall";"Overall";"DIABETE3";"52";"52";"";"";"";"";"";""
"2957329";"2016";"WY";"Wyoming";"Chronic Health Indicators";"Diabetes";"Have you ever been told by a doctor that you have diabetes?";"Yes";"BRFSS";"%";"Age-adjusted Prevalence";"7.6";"";"";"6.6";"8.5";"521";"Overall";"Overall";"DIABETE3";"53";"53";"";"";"";"";"";""
"2957451";"2016";"GU";"Guam";"Chronic Health Indicators";"Diabetes";"Have you ever been told by a doctor that you have diabetes?";"Yes";"BRFSS";"%";"Age-adjusted Prevalence";"11.5";"";"";"9.5";"13.6";"202";"Overall";"Overall";"DIABETE3";"56";"56";"";"";"";"";"";""
"2957261";"2016";"PR";"Puerto Rico";"Chronic Health Indicators";"Diabetes";"Have you ever been told by a doctor that you have diabetes?";"Yes";"BRFSS";"%";"Age-adjusted Prevalence";"13.7";"";"";"12.7";"14.8";"1145";"Overall";"Overall";"DIABETE3";"60";"60";"";"";"";"";"";""
"2957496";"2016";"VI";"Virgin Islands";"Chronic Health Indicators";"Diabetes";"Have you ever been told by a doctor that you have diabetes?";"Yes";"BRFSS";"%";"Age-adjusted Prevalence";"11.6";"";"";"9.3";"13.8";"212";"Overall";"Overall";"DIABETE3";"62";"62";"";"";"";"";"";""
"2944638";"2015";"AL";"Alabama";"Chronic Health Indicators";"Diabetes";"Have you ever been told by a doctor that you have diabetes?";"Yes";"BRFSS";"%";"Age-adjusted Prevalence";"12.1";"";"";"11.2";"12.9";"1361";"Overall";"Overall";"DIABETE3";"3";"3";"";"";"";"";"";""
"2944866";"2015";"AK";"Alaska";"Chronic Health Indicators";"Diabetes";"Have you ever been told by a doctor that you have diabetes?";"Yes";"BRFSS";"%";"Age-adjusted Prevalence";"7.8";"";"";"6.5";"9.1";"348";"Overall";"Overall";"DIABETE3";"4";"4";"";"";"";"";"";""
"2945085";"2015";"AZ";"Arizona";"Chronic Health Indicators";"Diabetes";"Have you ever been told by a doctor that you have diabetes?";"Yes";"BRFSS";"%";"Age-adjusted Prevalence";"9.1";"";"";"8.3";"9.9";"1100";"Overall";"Overall";"DIABETE3";"5";"5";"";"";"";"";"";""
"2944922";"2015";"AR";"Arkansas";"Chronic Health Indicators";"Diabetes";"Have you ever been told by a doctor that you have diabetes?";"Yes";"BRFSS";"%";"Age-adjusted Prevalence";"11.2";"";"";"10.1";"12.3";"962";"Overall";"Overall";"DIABETE3";"6";"6";"";"";"";"";"";""
"2944436";"2015";"CA";"California";"Chronic Health Indicators";"Diabetes";"Have you ever been told by a doctor that you have diabetes?";"Yes";"BRFSS";"%";"Age-adjusted Prevalence";"9.6";"";"";"8.9";"10.3";"1292";"Overall";"Overall";"DIABETE3";"7";"7";"";"";"";"";"";""
"2944469";"2015";"CO";"Colorado";"Chronic Health Indicators";"Diabetes";"Have you ever been told by a doctor that you have diabetes?";"Yes";"BRFSS";"%";"Age-adjusted Prevalence";"6.4";"";"";"5.9";"6.9";"1227";"Overall";"Overall";"DIABETE3";"8";"8";"";"";"";"";"";""
"2945560";"2015";"CT";"Connecticut";"Chronic Health Indicators";"Diabetes";"Have you ever been told by a doctor that you have diabetes?";"Yes";"BRFSS";"%";"Age-adjusted Prevalence";"8.1";"";"";"7.5";"8.7";"1388";"Overall";"Overall";"DIABETE3";"9";"9";"";"";"";"";"";""
"2945209";"2015";"DE";"Delaware";"Chronic Health Indicators";"Diabetes";"Have you ever been told by a doctor that you have diabetes?";"Yes";"BRFSS";"%";"Age-adjusted Prevalence";"9.9";"";"";"8.9";"10.9";"609";"Overall";"Overall";"DIABETE3";"10";"10";"";"";"";"";"";""
"2945522";"2015";"DC";"District of Columbia";"Chronic Health Indicators";"Diabetes";"Have you ever been told by a doctor that you have diabetes?";"Yes";"BRFSS";"%";"Age-adjusted Prevalence";"9.2";"";"";"7.9";"10.5";"549";"Overall";"Overall";"DIABETE3";"11";"11";"";"";"";"";"";""
"2945658";"2015";"FL";"Florida";"Chronic Health Indicators";"Diabetes";"Have you ever been told by a doctor that you have diabetes?";"Yes";"BRFSS";"%";"Age-adjusted Prevalence";"9.3";"";"";"8.6";"10.0";"1400";"Overall";"Overall";"DIABETE3";"12";"12";"";"";"";"";"";""
"2945304";"2015";"GA";"Georgia";"Chronic Health Indicators";"Diabetes";"Have you ever been told by a doctor that you have diabetes?";"Yes";"BRFSS";"%";"Age-adjusted Prevalence";"10.6";"";"";"9.7";"11.6";"754";"Overall";"Overall";"DIABETE3";"13";"13";"";"";"";"";"";""
"2945808";"2015";"HI";"Hawaii";"Chronic Health Indicators";"Diabetes";"Have you ever been told by a doctor that you have diabetes?";"Yes";"BRFSS";"%";"Age-adjusted Prevalence";"7.8";"";"";"7.0";"8.5";"726";"Overall";"Overall";"DIABETE3";"14";"14";"";"";"";"";"";""
"2945933";"2015";"ID";"Idaho";"Chronic Health Indicators";"Diabetes";"Have you ever been told by a doctor that you have diabetes?";"Yes";"BRFSS";"%";"Age-adjusted Prevalence";"7.4";"";"";"6.6";"8.1";"682";"Overall";"Overall";"DIABETE3";"15";"15";"";"";"";"";"";""
"2946058";"2015";"IL";"Illinois";"Chronic Health Indicators";"Diabetes";"Have you ever been told by a doctor that you have diabetes?";"Yes";"BRFSS";"%";"Age-adjusted Prevalence";"9.1";"";"";"8.3";"10.0";"682";"Overall";"Overall";"DIABETE3";"16";"16";"";"";"";"";"";""
"2946371";"2015";"IN";"Indiana";"Chronic Health Indicators";"Diabetes";"Have you ever been told by a doctor that you have diabetes?";"Yes";"BRFSS";"%";"Age-adjusted Prevalence";"10.5";"";"";"9.5";"11.5";"888";"Overall";"Overall";"DIABETE3";"17";"17";"";"";"";"";"";""
"2946687";"2015";"IA";"Iowa";"Chronic Health Indicators";"Diabetes";"Have you ever been told by a doctor that you have diabetes?";"Yes";"BRFSS";"%";"Age-adjusted Prevalence";"7.7";"";"";"7.0";"8.4";"756";"Overall";"Overall";"DIABETE3";"18";"18";"";"";"";"";"";""
"2946325";"2015";"KS";"Kansas";"Chronic Health Indicators";"Diabetes";"Have you ever been told by a doctor that you have diabetes?";"Yes";"BRFSS";"%";"Age-adjusted Prevalence";"8.9";"";"";"8.5";"9.2";"2878";"Overall";"Overall";"DIABETE3";"19";"19";"";"";"";"";"";""
"2946549";"2015";"KY";"Kentucky";"Chronic Health Indicators";"Diabetes";"Have you ever been told by a doctor that you have diabetes?";"Yes";"BRFSS";"%";"Age-adjusted Prevalence";"12.1";"";"";"11.1";"13.1";"1471";"Overall";"Overall";"DIABETE3";"20";"20";"";"";"";"";"";""
"2946774";"2015";"LA";"Louisiana";"Chronic Health Indicators";"Diabetes";"Have you ever been told by a doctor that you have diabetes?";"Yes";"BRFSS";"%";"Age-adjusted Prevalence";"11.8";"";"";"10.8";"12.8";"800";"Overall";"Overall";"DIABETE3";"21";"21";"";"";"";"";"";""
"2947087";"2015";"ME";"Maine";"Chronic Health Indicators";"Diabetes";"Have you ever been told by a doctor that you have diabetes?";"Yes";"BRFSS";"%";"Age-adjusted Prevalence";"8.2";"";"";"7.4";"9.0";"1084";"Overall";"Overall";"DIABETE3";"22";"22";"";"";"";"";"";""
"2946632";"2015";"MD";"Maryland";"Chronic Health Indicators";"Diabetes";"Have you ever been told by a doctor that you have diabetes?";"Yes";"BRFSS";"%";"Age-adjusted Prevalence";"9.4";"";"";"8.5";"10.2";"1866";"Overall";"Overall";"DIABETE3";"23";"23";"";"";"";"";"";""
"2947148";"2015";"MA";"Massachusetts";"Chronic Health Indicators";"Diabetes";"Have you ever been told by a doctor that you have diabetes?";"Yes";"BRFSS";"%";"Age-adjusted Prevalence";"8.0";"";"";"7.3";"8.7";"996";"Overall";"Overall";"DIABETE3";"24";"24";"";"";"";"";"";""
"2947805";"2015";"MI";"Michigan";"Chronic Health Indicators";"Diabetes";"Have you ever been told by a doctor that you have diabetes?";"Yes";"BRFSS";"%";"Age-adjusted Prevalence";"9.5";"";"";"8.8";"10.2";"1092";"Overall";"Overall";"DIABETE3";"25";"25";"";"";"";"";"";""
"2947209";"2015";"MN";"Minnesota";"Chronic Health Indicators";"Diabetes";"Have you ever been told by a doctor that you have diabetes?";"Yes";"BRFSS";"%";"Age-adjusted Prevalence";"6.8";"";"";"6.4";"7.3";"1652";"Overall";"Overall";"DIABETE3";"26";"26";"";"";"";"";"";""
"2947669";"2015";"MS";"Mississippi";"Chronic Health Indicators";"Diabetes";"Have you ever been told by a doctor that you have diabetes?";"Yes";"BRFSS";"%";"Age-adjusted Prevalence";"13.6";"";"";"12.6";"14.7";"1159";"Overall";"Overall";"DIABETE3";"27";"27";"";"";"";"";"";""
"2947272";"2015";"MO";"Missouri";"Chronic Health Indicators";"Diabetes";"Have you ever been told by a doctor that you have diabetes?";"Yes";"BRFSS";"%";"Age-adjusted Prevalence";"10.3";"";"";"9.4";"11.1";"1160";"Overall";"Overall";"DIABETE3";"28";"28";"";"";"";"";"";""
"2947730";"2015";"MT";"Montana";"Chronic Health Indicators";"Diabetes";"Have you ever been told by a doctor that you have diabetes?";"Yes";"BRFSS";"%";"Age-adjusted Prevalence";"6.8";"";"";"6.0";"7.6";"653";"Overall";"Overall";"DIABETE3";"29";"29";"";"";"";"";"";""
"2947424";"2015";"NE";"Nebraska";"Chronic Health Indicators";"Diabetes";"Have you ever been told by a doctor that you have diabetes?";"Yes";"BRFSS";"%";"Age-adjusted Prevalence";"8.0";"";"";"7.5";"8.5";"2066";"Overall";"Overall";"DIABETE3";"30";"30";"";"";"";"";"";""
"2948074";"2015";"NV";"Nevada";"Chronic Health Indicators";"Diabetes";"Have you ever been told by a doctor that you have diabetes?";"Yes";"BRFSS";"%";"Age-adjusted Prevalence";"9.0";"";"";"7.6";"10.4";"339";"Overall";"Overall";"DIABETE3";"31";"31";"";"";"";"";"";""
"2947487";"2015";"NH";"New Hampshire";"Chronic Health Indicators";"Diabetes";"Have you ever been told by a doctor that you have diabetes?";"Yes";"BRFSS";"%";"Age-adjusted Prevalence";"6.8";"";"";"6.2";"7.4";"839";"Overall";"Overall";"DIABETE3";"32";"32";"";"";"";"";"";""
"2948370";"2015";"NJ";"New Jersey";"Chronic Health Indicators";"Diabetes";"Have you ever been told by a doctor that you have diabetes?";"Yes";"BRFSS";"%";"Age-adjusted Prevalence";"7.9";"";"";"7.3";"8.5";"1317";"Overall";"Overall";"DIABETE3";"33";"33";"";"";"";"";"";""
"2948678";"2015";"NM";"New Mexico";"Chronic Health Indicators";"Diabetes";"Have you ever been told by a doctor that you have diabetes?";"Yes";"BRFSS";"%";"Age-adjusted Prevalence";"10.5";"";"";"9.5";"11.4";"927";"Overall";"Overall";"DIABETE3";"34";"34";"";"";"";"";"";""
"2948330";"2015";"NY";"New York";"Chronic Health Indicators";"Diabetes";"Have you ever been told by a doctor that you have diabetes?";"Yes";"BRFSS";"%";"Age-adjusted Prevalence";"8.9";"";"";"8.3";"9.5";"1477";"Overall";"Overall";"DIABETE3";"35";"35";"";"";"";"";"";""
"2948935";"2015";"NC";"North Carolina";"Chronic Health Indicators";"Diabetes";"Have you ever been told by a doctor that you have diabetes?";"Yes";"BRFSS";"%";"Age-adjusted Prevalence";"9.6";"";"";"8.9";"10.3";"858";"Overall";"Overall";"DIABETE3";"36";"36";"";"";"";"";"";""
"2948769";"2015";"ND";"North Dakota";"Chronic Health Indicators";"Diabetes";"Have you ever been told by a doctor that you have diabetes?";"Yes";"BRFSS";"%";"Age-adjusted Prevalence";"8.1";"";"";"7.3";"9.0";"569";"Overall";"Overall";"DIABETE3";"37";"37";"";"";"";"";"";""
"2949088";"2015";"OH";"Ohio";"Chronic Health Indicators";"Diabetes";"Have you ever been told by a doctor that you have diabetes?";"Yes";"BRFSS";"%";"Age-adjusted Prevalence";"9.5";"";"";"8.9";"10.2";"1869";"Overall";"Overall";"DIABETE3";"38";"38";"";"";"";"";"";""
"2948639";"2015";"OK";"Oklahoma";"Chronic Health Indicators";"Diabetes";"Have you ever been told by a doctor that you have diabetes?";"Yes";"BRFSS";"%";"Age-adjusted Prevalence";"10.7";"";"";"9.9";"11.6";"1100";"Overall";"Overall";"DIABETE3";"39";"39";"";"";"";"";"";""
"2949148";"2015";"OR";"Oregon";"Chronic Health Indicators";"Diabetes";"Have you ever been told by a doctor that you have diabetes?";"Yes";"BRFSS";"%";"Age-adjusted Prevalence";"9.5";"";"";"8.6";"10.5";"667";"Overall";"Overall";"DIABETE3";"40";"40";"";"";"";"";"";""
"2949181";"2015";"PA";"Pennsylvania";"Chronic Health Indicators";"Diabetes";"Have you ever been told by a doctor that you have diabetes?";"Yes";"BRFSS";"%";"Age-adjusted Prevalence";"8.8";"";"";"8.0";"9.6";"722";"Overall";"Overall";"DIABETE3";"41";"41";"";"";"";"";"";""
"2949823";"2015";"RI";"Rhode Island";"Chronic Health Indicators";"Diabetes";"Have you ever been told by a doctor that you have diabetes?";"Yes";"BRFSS";"%";"Age-adjusted Prevalence";"7.9";"";"";"7.1";"8.7";"754";"Overall";"Overall";"DIABETE3";"42";"42";"";"";"";"";"";""
"2950142";"2015";"SC";"South Carolina";"Chronic Health Indicators";"Diabetes";"Have you ever been told by a doctor that you have diabetes?";"Yes";"BRFSS";"%";"Age-adjusted Prevalence";"10.5";"";"";"9.8";"11.1";"1849";"Overall";"Overall";"DIABETE3";"43";"43";"";"";"";"";"";""
"2949276";"2015";"SD";"South Dakota";"Chronic Health Indicators";"Diabetes";"Have you ever been told by a doctor that you have diabetes?";"Yes";"BRFSS";"%";"Age-adjusted Prevalence";"8.4";"";"";"7.4";"9.3";"868";"Overall";"Overall";"DIABETE3";"44";"44";"";"";"";"";"";""
"2949917";"2015";"TN";"Tennessee";"Chronic Health Indicators";"Diabetes";"Have you ever been told by a doctor that you have diabetes?";"Yes";"BRFSS";"%";"Age-adjusted Prevalence";"11.4";"";"";"10.4";"12.5";"1006";"Overall";"Overall";"DIABETE3";"45";"45";"";"";"";"";"";""
"2949428";"2015";"TX";"Texas";"Chronic Health Indicators";"Diabetes";"Have you ever been told by a doctor that you have diabetes?";"Yes";"BRFSS";"%";"Age-adjusted Prevalence";"11.2";"";"";"10.3";"12.0";"2285";"Overall";"Overall";"DIABETE3";"46";"46";"";"";"";"";"";""
"2949553";"2015";"UT";"Utah";"Chronic Health Indicators";"Diabetes";"Have you ever been told by a doctor that you have diabetes?";"Yes";"BRFSS";"%";"Age-adjusted Prevalence";"7.5";"";"";"7.0";"8.1";"1022";"Overall";"Overall";"DIABETE3";"47";"47";"";"";"";"";"";""
"2949582";"2015";"VT";"Vermont";"Chronic Health Indicators";"Diabetes";"Have you ever been told by a doctor that you have diabetes?";"Yes";"BRFSS";"%";"Age-adjusted Prevalence";"7.1";"";"";"6.4";"7.8";"629";"Overall";"Overall";"DIABETE3";"48";"48";"";"";"";"";"";""
"2950181";"2015";"VA";"Virginia";"Chronic Health Indicators";"Diabetes";"Have you ever been told by a doctor that you have diabetes?";"Yes";"BRFSS";"%";"Age-adjusted Prevalence";"9.6";"";"";"8.9";"10.3";"1139";"Overall";"Overall";"DIABETE3";"49";"49";"";"";"";"";"";""
"2950913";"2015";"WA";"Washington";"Chronic Health Indicators";"Diabetes";"Have you ever been told by a doctor that you have diabetes?";"Yes";"BRFSS";"%";"Age-adjusted Prevalence";"7.7";"";"";"7.2";"8.2";"1798";"Overall";"Overall";"DIABETE3";"50";"50";"";"";"";"";"";""
"2950649";"2015";"WV";"West Virginia";"Chronic Health Indicators";"Diabetes";"Have you ever been told by a doctor that you have diabetes?";"Yes";"BRFSS";"%";"Age-adjusted Prevalence";"12.5";"";"";"11.6";"13.4";"969";"Overall";"Overall";"DIABETE3";"51";"51";"";"";"";"";"";""
"2950976";"2015";"WI";"Wisconsin";"Chronic Health Indicators";"Diabetes";"Have you ever been told by a doctor that you have diabetes?";"Yes";"BRFSS";"%";"Age-adjusted Prevalence";"7.4";"";"";"6.6";"8.3";"683";"Overall";"Overall";"DIABETE3";"52";"52";"";"";"";"";"";""
"2950709";"2015";"WY";"Wyoming";"Chronic Health Indicators";"Diabetes";"Have you ever been told by a doctor that you have diabetes?";"Yes";"BRFSS";"%";"Age-adjusted Prevalence";"7.6";"";"";"6.8";"8.4";"680";"Overall";"Overall";"DIABETE3";"53";"53";"";"";"";"";"";""
"2950420";"2015";"GU";"Guam";"Chronic Health Indicators";"Diabetes";"Have you ever been told by a doctor that you have diabetes?";"Yes";"BRFSS";"%";"Age-adjusted Prevalence";"13.9";"";"";"11.4";"16.3";"194";"Overall";"Overall";"DIABETE3";"56";"56";"";"";"";"";"";""
"2950858";"2015";"PR";"Puerto Rico";"Chronic Health Indicators";"Diabetes";"Have you ever been told by a doctor that you have diabetes?";"Yes";"BRFSS";"%";"Age-adjusted Prevalence";"14.7";"";"";"13.8";"15.7";"1095";"Overall";"Overall";"DIABETE3";"60";"60";"";"";"";"";"";""
"2937596";"2014";"AL";"Alabama";"Chronic Health Indicators";"Diabetes";"Have you ever been told by a doctor that you have diabetes?";"Yes";"BRFSS";"%";"Age-adjusted Prevalence";"11.8";"";"";"11.0";"12.6";"1528";"Overall";"Overall";"DIABETE3";"3";"3";"";"";"";"";"";""
"2938029";"2014";"AK";"Alaska";"Chronic Health Indicators";"Diabetes";"Have you ever been told by a doctor that you have diabetes?";"Yes";"BRFSS";"%";"Age-adjusted Prevalence";"7.6";"";"";"6.7";"8.6";"403";"Overall";"Overall";"DIABETE3";"4";"4";"";"";"";"";"";""
"2938524";"2014";"AZ";"Arizona";"Chronic Health Indicators";"Diabetes";"Have you ever been told by a doctor that you have diabetes?";"Yes";"BRFSS";"%";"Age-adjusted Prevalence";"9.2";"";"";"8.5";"9.8";"2024";"Overall";"Overall";"DIABETE3";"5";"5";"";"";"";"";"";""
"2938258";"2014";"AR";"Arkansas";"Chronic Health Indicators";"Diabetes";"Have you ever been told by a doctor that you have diabetes?";"Yes";"BRFSS";"%";"Age-adjusted Prevalence";"11.5";"";"";"10.4";"12.6";"966";"Overall";"Overall";"DIABETE3";"6";"6";"";"";"";"";"";""
"2938577";"2014";"CA";"California";"Chronic Health Indicators";"Diabetes";"Have you ever been told by a doctor that you have diabetes?";"Yes";"BRFSS";"%";"Age-adjusted Prevalence";"9.9";"";"";"9.2";"10.6";"980";"Overall";"Overall";"DIABETE3";"7";"7";"";"";"";"";"";""
"2938309";"2014";"CO";"Colorado";"Chronic Health Indicators";"Diabetes";"Have you ever been told by a doctor that you have diabetes?";"Yes";"BRFSS";"%";"Age-adjusted Prevalence";"6.9";"";"";"6.5";"7.4";"1189";"Overall";"Overall";"DIABETE3";"8";"8";"";"";"";"";"";""
"2938821";"2014";"CT";"Connecticut";"Chronic Health Indicators";"Diabetes";"Have you ever been told by a doctor that you have diabetes?";"Yes";"BRFSS";"%";"Age-adjusted Prevalence";"8.0";"";"";"7.3";"8.7";"880";"Overall";"Overall";"DIABETE3";"9";"9";"";"";"";"";"";""
"2938944";"2014";"DE";"Delaware";"Chronic Health Indicators";"Diabetes";"Have you ever been told by a doctor that you have diabetes?";"Yes";"BRFSS";"%";"Age-adjusted Prevalence";"9.8";"";"";"8.8";"10.9";"653";"Overall";"Overall";"DIABETE3";"10";"10";"";"";"";"";"";""
"2938388";"2014";"DC";"District of Columbia";"Chronic Health Indicators";"Diabetes";"Have you ever been told by a doctor that you have diabetes?";"Yes";"BRFSS";"%";"Age-adjusted Prevalence";"9.1";"";"";"7.9";"10.3";"541";"Overall";"Overall";"DIABETE3";"11";"11";"";"";"";"";"";""
"2939124";"2014";"FL";"Florida";"Chronic Health Indicators";"Diabetes";"Have you ever been told by a doctor that you have diabetes?";"Yes";"BRFSS";"%";"Age-adjusted Prevalence";"9.4";"";"";"8.7";"10.1";"1357";"Overall";"Overall";"DIABETE3";"12";"12";"";"";"";"";"";""
"2939709";"2014";"GA";"Georgia";"Chronic Health Indicators";"Diabetes";"Have you ever been told by a doctor that you have diabetes?";"Yes";"BRFSS";"%";"Age-adjusted Prevalence";"11.1";"";"";"10.2";"11.9";"1048";"Overall";"Overall";"DIABETE3";"13";"13";"";"";"";"";"";""
"2939945";"2014";"HI";"Hawaii";"Chronic Health Indicators";"Diabetes";"Have you ever been told by a doctor that you have diabetes?";"Yes";"BRFSS";"%";"Age-adjusted Prevalence";"8.9";"";"";"8.0";"9.8";"775";"Overall";"Overall";"DIABETE3";"14";"14";"";"";"";"";"";""
"2939266";"2014";"ID";"Idaho";"Chronic Health Indicators";"Diabetes";"Have you ever been told by a doctor that you have diabetes?";"Yes";"BRFSS";"%";"Age-adjusted Prevalence";"7.0";"";"";"6.2";"7.8";"578";"Overall";"Overall";"DIABETE3";"15";"15";"";"";"";"";"";""
"2939996";"2014";"IL";"Illinois";"Chronic Health Indicators";"Diabetes";"Have you ever been told by a doctor that you have diabetes?";"Yes";"BRFSS";"%";"Age-adjusted Prevalence";"9.4";"";"";"8.5";"10.3";"625";"Overall";"Overall";"DIABETE3";"16";"16";"";"";"";"";"";""
"2939314";"2014";"IN";"Indiana";"Chronic Health Indicators";"Diabetes";"Have you ever been told by a doctor that you have diabetes?";"Yes";"BRFSS";"%";"Age-adjusted Prevalence";"9.8";"";"";"9.2";"10.4";"1653";"Overall";"Overall";"DIABETE3";"17";"17";"";"";"";"";"";""
"2940143";"2014";"IA";"Iowa";"Chronic Health Indicators";"Diabetes";"Have you ever been told by a doctor that you have diabetes?";"Yes";"BRFSS";"%";"Age-adjusted Prevalence";"8.4";"";"";"7.7";"9.0";"1000";"Overall";"Overall";"DIABETE3";"18";"18";"";"";"";"";"";""
"2939462";"2014";"KS";"Kansas";"Chronic Health Indicators";"Diabetes";"Have you ever been told by a doctor that you have diabetes?";"Yes";"BRFSS";"%";"Age-adjusted Prevalence";"9.5";"";"";"9.0";"10.0";"1768";"Overall";"Overall";"DIABETE3";"19";"19";"";"";"";"";"";""
"2939585";"2014";"KY";"Kentucky";"Chronic Health Indicators";"Diabetes";"Have you ever been told by a doctor that you have diabetes?";"Yes";"BRFSS";"%";"Age-adjusted Prevalence";"11.4";"";"";"10.5";"12.3";"2012";"Overall";"Overall";"DIABETE3";"20";"20";"";"";"";"";"";""
"2940592";"2014";"LA";"Louisiana";"Chronic Health Indicators";"Diabetes";"Have you ever been told by a doctor that you have diabetes?";"Yes";"BRFSS";"%";"Age-adjusted Prevalence";"10.5";"";"";"9.7";"11.2";"992";"Overall";"Overall";"DIABETE3";"21";"21";"";"";"";"";"";""
"2940224";"2014";"ME";"Maine";"Chronic Health Indicators";"Diabetes";"Have you ever been told by a doctor that you have diabetes?";"Yes";"BRFSS";"%";"Age-adjusted Prevalence";"7.8";"";"";"7.2";"8.5";"1086";"Overall";"Overall";"DIABETE3";"22";"22";"";"";"";"";"";""
"2940939";"2014";"MD";"Maryland";"Chronic Health Indicators";"Diabetes";"Have you ever been told by a doctor that you have diabetes?";"Yes";"BRFSS";"%";"Age-adjusted Prevalence";"9.2";"";"";"8.5";"9.9";"1781";"Overall";"Overall";"DIABETE3";"23";"23";"";"";"";"";"";""
"2940670";"2014";"MA";"Massachusetts";"Chronic Health Indicators";"Diabetes";"Have you ever been told by a doctor that you have diabetes?";"Yes";"BRFSS";"%";"Age-adjusted Prevalence";"8.8";"";"";"8.2";"9.5";"2053";"Overall";"Overall";"DIABETE3";"24";"24";"";"";"";"";"";""
"2940302";"2014";"MI";"Michigan";"Chronic Health Indicators";"Diabetes";"Have you ever been told by a doctor that you have diabetes?";"Yes";"BRFSS";"%";"Age-adjusted Prevalence";"9.0";"";"";"8.4";"9.6";"1127";"Overall";"Overall";"DIABETE3";"25";"25";"";"";"";"";"";""
"2940425";"2014";"MN";"Minnesota";"Chronic Health Indicators";"Diabetes";"Have you ever been told by a doctor that you have diabetes?";"Yes";"BRFSS";"%";"Age-adjusted Prevalence";"7.4";"";"";"7.0";"7.9";"1581";"Overall";"Overall";"DIABETE3";"26";"26";"";"";"";"";"";""
"2940548";"2014";"MS";"Mississippi";"Chronic Health Indicators";"Diabetes";"Have you ever been told by a doctor that you have diabetes?";"Yes";"BRFSS";"%";"Age-adjusted Prevalence";"12.0";"";"";"10.8";"13.1";"763";"Overall";"Overall";"DIABETE3";"27";"27";"";"";"";"";"";""
"2940773";"2014";"MO";"Missouri";"Chronic Health Indicators";"Diabetes";"Have you ever been told by a doctor that you have diabetes?";"Yes";"BRFSS";"%";"Age-adjusted Prevalence";"10.0";"";"";"9.1";"10.9";"1125";"Overall";"Overall";"DIABETE3";"28";"28";"";"";"";"";"";""
"2941499";"2014";"MT";"Montana";"Chronic Health Indicators";"Diabetes";"Have you ever been told by a doctor that you have diabetes?";"Yes";"BRFSS";"%";"Age-adjusted Prevalence";"7.6";"";"";"6.8";"8.3";"927";"Overall";"Overall";"DIABETE3";"29";"29";"";"";"";"";"";""
"2941622";"2014";"NE";"Nebraska";"Chronic Health Indicators";"Diabetes";"Have you ever been told by a doctor that you have diabetes?";"Yes";"BRFSS";"%";"Age-adjusted Prevalence";"8.4";"";"";"7.9";"8.9";"2627";"Overall";"Overall";"DIABETE3";"30";"30";"";"";"";"";"";""
"2941232";"2014";"NV";"Nevada";"Chronic Health Indicators";"Diabetes";"Have you ever been told by a doctor that you have diabetes?";"Yes";"BRFSS";"%";"Age-adjusted Prevalence";"8.9";"";"";"7.7";"10.0";"456";"Overall";"Overall";"DIABETE3";"31";"31";"";"";"";"";"";""
"2942159";"2014";"NH";"New Hampshire";"Chronic Health Indicators";"Diabetes";"Have you ever been told by a doctor that you have diabetes?";"Yes";"BRFSS";"%";"Age-adjusted Prevalence";"7.9";"";"";"7.0";"8.7";"750";"Overall";"Overall";"DIABETE3";"32";"32";"";"";"";"";"";""
"2941285";"2014";"NJ";"New Jersey";"Chronic Health Indicators";"Diabetes";"Have you ever been told by a doctor that you have diabetes?";"Yes";"BRFSS";"%";"Age-adjusted Prevalence";"8.7";"";"";"8.0";"9.3";"1619";"Overall";"Overall";"DIABETE3";"33";"33";"";"";"";"";"";""
"2941819";"2014";"NM";"New Mexico";"Chronic Health Indicators";"Diabetes";"Have you ever been told by a doctor that you have diabetes?";"Yes";"BRFSS";"%";"Age-adjusted Prevalence";"10.5";"";"";"9.7";"11.3";"1207";"Overall";"Overall";"DIABETE3";"34";"34";"";"";"";"";"";""
"2941942";"2014";"NY";"New York";"Chronic Health Indicators";"Diabetes";"Have you ever been told by a doctor that you have diabetes?";"Yes";"BRFSS";"%";"Age-adjusted Prevalence";"9.2";"";"";"8.4";"9.9";"842";"Overall";"Overall";"DIABETE3";"35";"35";"";"";"";"";"";""
"2942065";"2014";"NC";"North Carolina";"Chronic Health Indicators";"Diabetes";"Have you ever been told by a doctor that you have diabetes?";"Yes";"BRFSS";"%";"Age-adjusted Prevalence";"9.9";"";"";"9.2";"10.6";"980";"Overall";"Overall";"DIABETE3";"36";"36";"";"";"";"";"";""
"2941483";"2014";"ND";"North Dakota";"Chronic Health Indicators";"Diabetes";"Have you ever been told by a doctor that you have diabetes?";"Yes";"BRFSS";"%";"Age-adjusted Prevalence";"8.0";"";"";"7.2";"8.8";"870";"Overall";"Overall";"DIABETE3";"37";"37";"";"";"";"";"";""
"2942681";"2014";"OH";"Ohio";"Chronic Health Indicators";"Diabetes";"Have you ever been told by a doctor that you have diabetes?";"Yes";"BRFSS";"%";"Age-adjusted Prevalence";"10.3";"";"";"9.6";"11.0";"1751";"Overall";"Overall";"DIABETE3";"38";"38";"";"";"";"";"";""
"2942219";"2014";"OK";"Oklahoma";"Chronic Health Indicators";"Diabetes";"Have you ever been told by a doctor that you have diabetes?";"Yes";"BRFSS";"%";"Age-adjusted Prevalence";"10.9";"";"";"10.2";"11.6";"1322";"Overall";"Overall";"DIABETE3";"39";"39";"";"";"";"";"";""
"2943022";"2014";"OR";"Oregon";"Chronic Health Indicators";"Diabetes";"Have you ever been told by a doctor that you have diabetes?";"Yes";"BRFSS";"%";"Age-adjusted Prevalence";"8.0";"";"";"7.2";"8.8";"638";"Overall";"Overall";"DIABETE3";"40";"40";"";"";"";"";"";""
"2942270";"2014";"PA";"Pennsylvania";"Chronic Health Indicators";"Diabetes";"Have you ever been told by a doctor that you have diabetes?";"Yes";"BRFSS";"%";"Age-adjusted Prevalence";"9.6";"";"";"9.0";"10.3";"1583";"Overall";"Overall";"DIABETE3";"41";"41";"";"";"";"";"";""
"2942877";"2014";"RI";"Rhode Island";"Chronic Health Indicators";"Diabetes";"Have you ever been told by a doctor that you have diabetes?";"Yes";"BRFSS";"%";"Age-adjusted Prevalence";"8.3";"";"";"7.6";"9.1";"807";"Overall";"Overall";"DIABETE3";"42";"42";"";"";"";"";"";""
"2942418";"2014";"SC";"South Carolina";"Chronic Health Indicators";"Diabetes";"Have you ever been told by a doctor that you have diabetes?";"Yes";"BRFSS";"%";"Age-adjusted Prevalence";"10.8";"";"";"10.1";"11.4";"1794";"Overall";"Overall";"DIABETE3";"43";"43";"";"";"";"";"";""
"2942541";"2014";"SD";"South Dakota";"Chronic Health Indicators";"Diabetes";"Have you ever been told by a doctor that you have diabetes?";"Yes";"BRFSS";"%";"Age-adjusted Prevalence";"8.2";"";"";"7.2";"9.3";"864";"Overall";"Overall";"DIABETE3";"44";"44";"";"";"";"";"";""
"2943153";"2014";"TN";"Tennessee";"Chronic Health Indicators";"Diabetes";"Have you ever been told by a doctor that you have diabetes?";"Yes";"BRFSS";"%";"Age-adjusted Prevalence";"11.8";"";"";"10.7";"12.9";"881";"Overall";"Overall";"DIABETE3";"45";"45";"";"";"";"";"";""
"2943670";"2014";"TX";"Texas";"Chronic Health Indicators";"Diabetes";"Have you ever been told by a doctor that you have diabetes?";"Yes";"BRFSS";"%";"Age-adjusted Prevalence";"10.9";"";"";"10.1";"11.6";"2323";"Overall";"Overall";"DIABETE3";"46";"46";"";"";"";"";"";""
"2943203";"2014";"UT";"Utah";"Chronic Health Indicators";"Diabetes";"Have you ever been told by a doctor that you have diabetes?";"Yes";"BRFSS";"%";"Age-adjusted Prevalence";"7.7";"";"";"7.2";"8.1";"1304";"Overall";"Overall";"DIABETE3";"47";"47";"";"";"";"";"";""
"2943519";"2014";"VT";"Vermont";"Chronic Health Indicators";"Diabetes";"Have you ever been told by a doctor that you have diabetes?";"Yes";"BRFSS";"%";"Age-adjusted Prevalence";"6.9";"";"";"6.3";"7.6";"567";"Overall";"Overall";"DIABETE3";"48";"48";"";"";"";"";"";""
"2943842";"2014";"VA";"Virginia";"Chronic Health Indicators";"Diabetes";"Have you ever been told by a doctor that you have diabetes?";"Yes";"BRFSS";"%";"Age-adjusted Prevalence";"9.0";"";"";"8.4";"9.6";"1203";"Overall";"Overall";"DIABETE3";"49";"49";"";"";"";"";"";""
"2943571";"2014";"WA";"Washington";"Chronic Health Indicators";"Diabetes";"Have you ever been told by a doctor that you have diabetes?";"Yes";"BRFSS";"%";"Age-adjusted Prevalence";"8.2";"";"";"7.6";"8.8";"1167";"Overall";"Overall";"DIABETE3";"50";"50";"";"";"";"";"";""
"2943891";"2014";"WV";"West Virginia";"Chronic Health Indicators";"Diabetes";"Have you ever been told by a doctor that you have diabetes?";"Yes";"BRFSS";"%";"Age-adjusted Prevalence";"12.1";"";"";"11.2";"13.0";"1001";"Overall";"Overall";"DIABETE3";"51";"51";"";"";"";"";"";""
"2944014";"2014";"WI";"Wisconsin";"Chronic Health Indicators";"Diabetes";"Have you ever been told by a doctor that you have diabetes?";"Yes";"BRFSS";"%";"Age-adjusted Prevalence";"8.0";"";"";"7.2";"8.8";"859";"Overall";"Overall";"DIABETE3";"52";"52";"";"";"";"";"";""
"2944137";"2014";"WY";"Wyoming";"Chronic Health Indicators";"Diabetes";"Have you ever been told by a doctor that you have diabetes?";"Yes";"BRFSS";"%";"Age-adjusted Prevalence";"7.8";"";"";"6.9";"8.7";"775";"Overall";"Overall";"DIABETE3";"53";"53";"";"";"";"";"";""
"2944579";"2014";"GU";"Guam";"Chronic Health Indicators";"Diabetes";"Have you ever been told by a doctor that you have diabetes?";"Yes";"BRFSS";"%";"Age-adjusted Prevalence";"11.9";"";"";"10.3";"13.5";"316";"Overall";"Overall";"DIABETE3";"56";"56";"";"";"";"";"";""
"2944180";"2014";"PR";"Puerto Rico";"Chronic Health Indicators";"Diabetes";"Have you ever been told by a doctor that you have diabetes?";"Yes";"BRFSS";"%";"Age-adjusted Prevalence";"14.2";"";"";"13.3";"15.1";"1197";"Overall";"Overall";"DIABETE3";"60";"60";"";"";"";"";"";""
"2931688";"2013";"AL";"Alabama";"Chronic Health Indicators";"Diabetes";"Have you ever been told by a doctor that you have diabetes?";"Yes";"BRFSS";"%";"Age-adjusted Prevalence";"12.7";"";"";"11.6";"13.7";"1209";"Overall";"Overall";"DIABETE3";"3";"3";"";"";"";"";"";""
"2931202";"2013";"AK";"Alaska";"Chronic Health Indicators";"Diabetes";"Have you ever been told by a doctor that you have diabetes?";"Yes";"BRFSS";"%";"Age-adjusted Prevalence";"7.2";"";"";"6.2";"8.3";"356";"Overall";"Overall";"DIABETE3";"4";"4";"";"";"";"";"";""
"2931646";"2013";"AZ";"Arizona";"Chronic Health Indicators";"Diabetes";"Have you ever been told by a doctor that you have diabetes?";"Yes";"BRFSS";"%";"Age-adjusted Prevalence";"9.8";"";"";"8.4";"11.2";"552";"Overall";"Overall";"DIABETE3";"5";"5";"";"";"";"";"";""
"2932166";"2013";"AR";"Arkansas";"Chronic Health Indicators";"Diabetes";"Have you ever been told by a doctor that you have diabetes?";"Yes";"BRFSS";"%";"Age-adjusted Prevalence";"10.5";"";"";"9.4";"11.6";"803";"Overall";"Overall";"DIABETE3";"6";"6";"";"";"";"";"";""
"2931906";"2013";"CA";"California";"Chronic Health Indicators";"Diabetes";"Have you ever been told by a doctor that you have diabetes?";"Yes";"BRFSS";"%";"Age-adjusted Prevalence";"9.8";"";"";"9.1";"10.6";"1242";"Overall";"Overall";"DIABETE3";"7";"7";"";"";"";"";"";""
"2932033";"2013";"CO";"Colorado";"Chronic Health Indicators";"Diabetes";"Have you ever been told by a doctor that you have diabetes?";"Yes";"BRFSS";"%";"Age-adjusted Prevalence";"6.3";"";"";"5.8";"6.8";"1089";"Overall";"Overall";"DIABETE3";"8";"8";"";"";"";"";"";""
"2931353";"2013";"CT";"Connecticut";"Chronic Health Indicators";"Diabetes";"Have you ever been told by a doctor that you have diabetes?";"Yes";"BRFSS";"%";"Age-adjusted Prevalence";"7.4";"";"";"6.7";"8.1";"833";"Overall";"Overall";"DIABETE3";"9";"9";"";"";"";"";"";""
"2931480";"2013";"DE";"Delaware";"Chronic Health Indicators";"Diabetes";"Have you ever been told by a doctor that you have diabetes?";"Yes";"BRFSS";"%";"Age-adjusted Prevalence";"9.9";"";"";"9.0";"10.9";"736";"Overall";"Overall";"DIABETE3";"10";"10";"";"";"";"";"";""
"2932194";"2013";"DC";"District of Columbia";"Chronic Health Indicators";"Diabetes";"Have you ever been told by a doctor that you have diabetes?";"Yes";"BRFSS";"%";"Age-adjusted Prevalence";"8.4";"";"";"7.4";"9.3";"556";"Overall";"Overall";"DIABETE3";"11";"11";"";"";"";"";"";""
"2932808";"2013";"FL";"Florida";"Chronic Health Indicators";"Diabetes";"Have you ever been told by a doctor that you have diabetes?";"Yes";"BRFSS";"%";"Age-adjusted Prevalence";"9.4";"";"";"8.8";"10.0";"5189";"Overall";"Overall";"DIABETE3";"12";"12";"";"";"";"";"";""
"2932641";"2013";"GA";"Georgia";"Chronic Health Indicators";"Diabetes";"Have you ever been told by a doctor that you have diabetes?";"Yes";"BRFSS";"%";"Age-adjusted Prevalence";"10.5";"";"";"9.7";"11.3";"1159";"Overall";"Overall";"DIABETE3";"13";"13";"";"";"";"";"";""
"2932870";"2013";"HI";"Hawaii";"Chronic Health Indicators";"Diabetes";"Have you ever been told by a doctor that you have diabetes?";"Yes";"BRFSS";"%";"Age-adjusted Prevalence";"7.6";"";"";"6.7";"8.4";"703";"Overall";"Overall";"DIABETE3";"14";"14";"";"";"";"";"";""
"2932411";"2013";"ID";"Idaho";"Chronic Health Indicators";"Diabetes";"Have you ever been told by a doctor that you have diabetes?";"Yes";"BRFSS";"%";"Age-adjusted Prevalence";"7.8";"";"";"7.0";"8.7";"640";"Overall";"Overall";"DIABETE3";"15";"15";"";"";"";"";"";""
"2933026";"2013";"IL";"Illinois";"Chronic Health Indicators";"Diabetes";"Have you ever been told by a doctor that you have diabetes?";"Yes";"BRFSS";"%";"Age-adjusted Prevalence";"9.2";"";"";"8.3";"10.2";"698";"Overall";"Overall";"DIABETE3";"16";"16";"";"";"";"";"";""
"2932667";"2013";"IN";"Indiana";"Chronic Health Indicators";"Diabetes";"Have you ever been told by a doctor that you have diabetes?";"Yes";"BRFSS";"%";"Age-adjusted Prevalence";"10.0";"";"";"9.4";"10.7";"1468";"Overall";"Overall";"DIABETE3";"17";"17";"";"";"";"";"";""
"2933178";"2013";"IA";"Iowa";"Chronic Health Indicators";"Diabetes";"Have you ever been told by a doctor that you have diabetes?";"Yes";"BRFSS";"%";"Age-adjusted Prevalence";"8.3";"";"";"7.6";"8.9";"1006";"Overall";"Overall";"DIABETE3";"18";"18";"";"";"";"";"";""
"2933400";"2013";"KS";"Kansas";"Chronic Health Indicators";"Diabetes";"Have you ever been told by a doctor that you have diabetes?";"Yes";"BRFSS";"%";"Age-adjusted Prevalence";"8.8";"";"";"8.4";"9.2";"2832";"Overall";"Overall";"DIABETE3";"19";"19";"";"";"";"";"";""
"2933909";"2013";"KY";"Kentucky";"Chronic Health Indicators";"Diabetes";"Have you ever been told by a doctor that you have diabetes?";"Yes";"BRFSS";"%";"Age-adjusted Prevalence";"9.7";"";"";"9.0";"10.4";"1649";"Overall";"Overall";"DIABETE3";"20";"20";"";"";"";"";"";""
"2933362";"2013";"LA";"Louisiana";"Chronic Health Indicators";"Diabetes";"Have you ever been told by a doctor that you have diabetes?";"Yes";"BRFSS";"%";"Age-adjusted Prevalence";"10.9";"";"";"9.9";"11.9";"847";"Overall";"Overall";"DIABETE3";"21";"21";"";"";"";"";"";""
"2933972";"2013";"ME";"Maine";"Chronic Health Indicators";"Diabetes";"Have you ever been told by a doctor that you have diabetes?";"Yes";"BRFSS";"%";"Age-adjusted Prevalence";"8.1";"";"";"7.4";"8.8";"940";"Overall";"Overall";"DIABETE3";"22";"22";"";"";"";"";"";""
"2933616";"2013";"MD";"Maryland";"Chronic Health Indicators";"Diabetes";"Have you ever been told by a doctor that you have diabetes?";"Yes";"BRFSS";"%";"Age-adjusted Prevalence";"9.1";"";"";"8.5";"9.8";"1698";"Overall";"Overall";"DIABETE3";"23";"23";"";"";"";"";"";""
"2933743";"2013";"MA";"Massachusetts";"Chronic Health Indicators";"Diabetes";"Have you ever been told by a doctor that you have diabetes?";"Yes";"BRFSS";"%";"Age-adjusted Prevalence";"7.7";"";"";"7.1";"8.3";"1762";"Overall";"Overall";"DIABETE3";"24";"24";"";"";"";"";"";""
"2934092";"2013";"MI";"Michigan";"Chronic Health Indicators";"Diabetes";"Have you ever been told by a doctor that you have diabetes?";"Yes";"BRFSS";"%";"Age-adjusted Prevalence";"9.3";"";"";"8.7";"9.9";"1642";"Overall";"Overall";"DIABETE3";"25";"25";"";"";"";"";"";""
"2934490";"2013";"MN";"Minnesota";"Chronic Health Indicators";"Diabetes";"Have you ever been told by a doctor that you have diabetes?";"Yes";"BRFSS";"%";"Age-adjusted Prevalence";"6.8";"";"";"6.1";"7.5";"1396";"Overall";"Overall";"DIABETE3";"26";"26";"";"";"";"";"";""
"2934930";"2013";"MS";"Mississippi";"Chronic Health Indicators";"Diabetes";"Have you ever been told by a doctor that you have diabetes?";"Yes";"BRFSS";"%";"Age-adjusted Prevalence";"12.0";"";"";"11.1";"12.9";"1348";"Overall";"Overall";"DIABETE3";"27";"27";"";"";"";"";"";""
"2934253";"2013";"MO";"Missouri";"Chronic Health Indicators";"Diabetes";"Have you ever been told by a doctor that you have diabetes?";"Yes";"BRFSS";"%";"Age-adjusted Prevalence";"8.7";"";"";"7.9";"9.5";"1012";"Overall";"Overall";"DIABETE3";"28";"28";"";"";"";"";"";""
"2934993";"2013";"MT";"Montana";"Chronic Health Indicators";"Diabetes";"Have you ever been told by a doctor that you have diabetes?";"Yes";"BRFSS";"%";"Age-adjusted Prevalence";"6.7";"";"";"6.1";"7.3";"979";"Overall";"Overall";"DIABETE3";"29";"29";"";"";"";"";"";""
"2934314";"2013";"NE";"Nebraska";"Chronic Health Indicators";"Diabetes";"Have you ever been told by a doctor that you have diabetes?";"Yes";"BRFSS";"%";"Age-adjusted Prevalence";"8.4";"";"";"7.8";"9.0";"2009";"Overall";"Overall";"DIABETE3";"30";"30";"";"";"";"";"";""
"2935149";"2013";"NV";"Nevada";"Chronic Health Indicators";"Diabetes";"Have you ever been told by a doctor that you have diabetes?";"Yes";"BRFSS";"%";"Age-adjusted Prevalence";"9.0";"";"";"7.7";"10.4";"514";"Overall";"Overall";"DIABETE3";"31";"31";"";"";"";"";"";""
"2934379";"2013";"NH";"New Hampshire";"Chronic Health Indicators";"Diabetes";"Have you ever been told by a doctor that you have diabetes?";"Yes";"BRFSS";"%";"Age-adjusted Prevalence";"8.0";"";"";"7.3";"8.8";"770";"Overall";"Overall";"DIABETE3";"32";"32";"";"";"";"";"";""
"2934791";"2013";"NJ";"New Jersey";"Chronic Health Indicators";"Diabetes";"Have you ever been told by a doctor that you have diabetes?";"Yes";"BRFSS";"%";"Age-adjusted Prevalence";"8.2";"";"";"7.6";"8.8";"1460";"Overall";"Overall";"DIABETE3";"33";"33";"";"";"";"";"";""
"2935600";"2013";"NM";"New Mexico";"Chronic Health Indicators";"Diabetes";"Have you ever been told by a doctor that you have diabetes?";"Yes";"BRFSS";"%";"Age-adjusted Prevalence";"9.8";"";"";"9.0";"10.6";"1192";"Overall";"Overall";"DIABETE3";"34";"34";"";"";"";"";"";""
"2935240";"2013";"NY";"New York";"Chronic Health Indicators";"Diabetes";"Have you ever been told by a doctor that you have diabetes?";"Yes";"BRFSS";"%";"Age-adjusted Prevalence";"9.7";"";"";"8.9";"10.5";"1035";"Overall";"Overall";"DIABETE3";"35";"35";"";"";"";"";"";""
"2935665";"2013";"NC";"North Carolina";"Chronic Health Indicators";"Diabetes";"Have you ever been told by a doctor that you have diabetes?";"Yes";"BRFSS";"%";"Age-adjusted Prevalence";"10.5";"";"";"9.7";"11.2";"1325";"Overall";"Overall";"DIABETE3";"36";"36";"";"";"";"";"";""
"2935304";"2013";"ND";"North Dakota";"Chronic Health Indicators";"Diabetes";"Have you ever been told by a doctor that you have diabetes?";"Yes";"BRFSS";"%";"Age-adjusted Prevalence";"8.1";"";"";"7.4";"8.9";"865";"Overall";"Overall";"DIABETE3";"37";"37";"";"";"";"";"";""
"2936010";"2013";"OH";"Ohio";"Chronic Health Indicators";"Diabetes";"Have you ever been told by a doctor that you have diabetes?";"Yes";"BRFSS";"%";"Age-adjusted Prevalence";"9.2";"";"";"8.6";"9.9";"1673";"Overall";"Overall";"DIABETE3";"38";"38";"";"";"";"";"";""
"2935462";"2013";"OK";"Oklahoma";"Chronic Health Indicators";"Diabetes";"Have you ever been told by a doctor that you have diabetes?";"Yes";"BRFSS";"%";"Age-adjusted Prevalence";"10.2";"";"";"9.5";"10.9";"1202";"Overall";"Overall";"DIABETE3";"39";"39";"";"";"";"";"";""
"2935785";"2013";"OR";"Oregon";"Chronic Health Indicators";"Diabetes";"Have you ever been told by a doctor that you have diabetes?";"Yes";"BRFSS";"%";"Age-adjusted Prevalence";"8.3";"";"";"7.5";"9.1";"675";"Overall";"Overall";"DIABETE3";"40";"40";"";"";"";"";"";""
"2936099";"2013";"PA";"Pennsylvania";"Chronic Health Indicators";"Diabetes";"Have you ever been told by a doctor that you have diabetes?";"Yes";"BRFSS";"%";"Age-adjusted Prevalence";"8.7";"";"";"8.1";"9.3";"1435";"Overall";"Overall";"DIABETE3";"41";"41";"";"";"";"";"";""
"2936418";"2013";"RI";"Rhode Island";"Chronic Health Indicators";"Diabetes";"Have you ever been told by a doctor that you have diabetes?";"Yes";"BRFSS";"%";"Age-adjusted Prevalence";"8.3";"";"";"7.5";"9.1";"786";"Overall";"Overall";"DIABETE3";"42";"42";"";"";"";"";"";""
"2936838";"2013";"SC";"South Carolina";"Chronic Health Indicators";"Diabetes";"Have you ever been told by a doctor that you have diabetes?";"Yes";"BRFSS";"%";"Age-adjusted Prevalence";"11.3";"";"";"10.6";"12.0";"1802";"Overall";"Overall";"DIABETE3";"43";"43";"";"";"";"";"";""
"2936482";"2013";"SD";"South Dakota";"Chronic Health Indicators";"Diabetes";"Have you ever been told by a doctor that you have diabetes?";"Yes";"BRFSS";"%";"Age-adjusted Prevalence";"8.2";"";"";"7.3";"9.1";"827";"Overall";"Overall";"DIABETE3";"44";"44";"";"";"";"";"";""
"2936897";"2013";"TN";"Tennessee";"Chronic Health Indicators";"Diabetes";"Have you ever been told by a doctor that you have diabetes?";"Yes";"BRFSS";"%";"Age-adjusted Prevalence";"11.2";"";"";"10.1";"12.3";"934";"Overall";"Overall";"DIABETE3";"45";"45";"";"";"";"";"";""
"2936351";"2013";"TX";"Texas";"Chronic Health Indicators";"Diabetes";"Have you ever been told by a doctor that you have diabetes?";"Yes";"BRFSS";"%";"Age-adjusted Prevalence";"10.9";"";"";"10.0";"11.7";"1534";"Overall";"Overall";"DIABETE3";"46";"46";"";"";"";"";"";""
"2936959";"2013";"UT";"Utah";"Chronic Health Indicators";"Diabetes";"Have you ever been told by a doctor that you have diabetes?";"Yes";"BRFSS";"%";"Age-adjusted Prevalence";"7.8";"";"";"7.2";"8.3";"1203";"Overall";"Overall";"DIABETE3";"47";"47";"";"";"";"";"";""
"2936700";"2013";"VT";"Vermont";"Chronic Health Indicators";"Diabetes";"Have you ever been told by a doctor that you have diabetes?";"Yes";"BRFSS";"%";"Age-adjusted Prevalence";"6.7";"";"";"6.0";"7.4";"616";"Overall";"Overall";"DIABETE3";"48";"48";"";"";"";"";"";""
"2937115";"2013";"VA";"Virginia";"Chronic Health Indicators";"Diabetes";"Have you ever been told by a doctor that you have diabetes?";"Yes";"BRFSS";"%";"Age-adjusted Prevalence";"9.2";"";"";"8.5";"9.9";"1047";"Overall";"Overall";"DIABETE3";"49";"49";"";"";"";"";"";""
"2937754";"2013";"WA";"Washington";"Chronic Health Indicators";"Diabetes";"Have you ever been told by a doctor that you have diabetes?";"Yes";"BRFSS";"%";"Age-adjusted Prevalence";"8.0";"";"";"7.4";"8.6";"1271";"Overall";"Overall";"DIABETE3";"50";"50";"";"";"";"";"";""
"2937888";"2013";"WV";"West Virginia";"Chronic Health Indicators";"Diabetes";"Have you ever been told by a doctor that you have diabetes?";"Yes";"BRFSS";"%";"Age-adjusted Prevalence";"11.2";"";"";"10.4";"12.0";"925";"Overall";"Overall";"DIABETE3";"51";"51";"";"";"";"";"";""
"2938112";"2013";"WI";"Wisconsin";"Chronic Health Indicators";"Diabetes";"Have you ever been told by a doctor that you have diabetes?";"Yes";"BRFSS";"%";"Age-adjusted Prevalence";"7.4";"";"";"6.5";"8.2";"774";"Overall";"Overall";"DIABETE3";"52";"52";"";"";"";"";"";""
"2937848";"2013";"WY";"Wyoming";"Chronic Health Indicators";"Diabetes";"Have you ever been told by a doctor that you have diabetes?";"Yes";"BRFSS";"%";"Age-adjusted Prevalence";"8.1";"";"";"7.3";"8.9";"769";"Overall";"Overall";"DIABETE3";"53";"53";"";"";"";"";"";""
"2937359";"2013";"GU";"Guam";"Chronic Health Indicators";"Diabetes";"Have you ever been told by a doctor that you have diabetes?";"Yes";"BRFSS";"%";"Age-adjusted Prevalence";"14.8";"";"";"12.6";"17.1";"233";"Overall";"Overall";"DIABETE3";"56";"56";"";"";"";"";"";""
"2937486";"2013";"PR";"Puerto Rico";"Chronic Health Indicators";"Diabetes";"Have you ever been told by a doctor that you have diabetes?";"Yes";"BRFSS";"%";"Age-adjusted Prevalence";"13.7";"";"";"12.8";"14.7";"1125";"Overall";"Overall";"DIABETE3";"60";"60";"";"";"";"";"";""
"2926288";"2012";"AL";"Alabama";"Chronic Health Indicators";"Diabetes";"Have you ever been told by a doctor that you have diabetes?";"Yes";"BRFSS";"%";"Age-adjusted Prevalence";"11.1";"";"";"10.4";"11.9";"1574";"Overall";"Overall";"DIABETE3";"3";"3";"";"";"";"";"";""
"2926783";"2012";"AK";"Alaska";"Chronic Health Indicators";"Diabetes";"Have you ever been told by a doctor that you have diabetes?";"Yes";"BRFSS";"%";"Age-adjusted Prevalence";"7.2";"";"";"6.2";"8.3";"324";"Overall";"Overall";"DIABETE3";"4";"4";"";"";"";"";"";""
"2926871";"2012";"AZ";"Arizona";"Chronic Health Indicators";"Diabetes";"Have you ever been told by a doctor that you have diabetes?";"Yes";"BRFSS";"%";"Age-adjusted Prevalence";"10.0";"";"";"8.9";"11.1";"983";"Overall";"Overall";"DIABETE3";"5";"5";"";"";"";"";"";""
"2926959";"2012";"AR";"Arkansas";"Chronic Health Indicators";"Diabetes";"Have you ever been told by a doctor that you have diabetes?";"Yes";"BRFSS";"%";"Age-adjusted Prevalence";"10.3";"";"";"9.4";"11.3";"800";"Overall";"Overall";"DIABETE3";"6";"6";"";"";"";"";"";""
"2927047";"2012";"CA";"California";"Chronic Health Indicators";"Diabetes";"Have you ever been told by a doctor that you have diabetes?";"Yes";"BRFSS";"%";"Age-adjusted Prevalence";"9.6";"";"";"8.9";"10.2";"1655";"Overall";"Overall";"DIABETE3";"7";"7";"";"";"";"";"";""
"2927135";"2012";"CO";"Colorado";"Chronic Health Indicators";"Diabetes";"Have you ever been told by a doctor that you have diabetes?";"Yes";"BRFSS";"%";"Age-adjusted Prevalence";"7.2";"";"";"6.6";"7.7";"1108";"Overall";"Overall";"DIABETE3";"8";"8";"";"";"";"";"";""
"2926631";"2012";"CT";"Connecticut";"Chronic Health Indicators";"Diabetes";"Have you ever been told by a doctor that you have diabetes?";"Yes";"BRFSS";"%";"Age-adjusted Prevalence";"8.2";"";"";"7.4";"8.9";"933";"Overall";"Overall";"DIABETE3";"9";"9";"";"";"";"";"";""
"2927499";"2012";"DE";"Delaware";"Chronic Health Indicators";"Diabetes";"Have you ever been told by a doctor that you have diabetes?";"Yes";"BRFSS";"%";"Age-adjusted Prevalence";"8.7";"";"";"7.7";"9.6";"606";"Overall";"Overall";"DIABETE3";"10";"10";"";"";"";"";"";""
"2927200";"2012";"DC";"District of Columbia";"Chronic Health Indicators";"Diabetes";"Have you ever been told by a doctor that you have diabetes?";"Yes";"BRFSS";"%";"Age-adjusted Prevalence";"8.8";"";"";"7.7";"9.9";"454";"Overall";"Overall";"DIABETE3";"11";"11";"";"";"";"";"";""
"2927778";"2012";"FL";"Florida";"Chronic Health Indicators";"Diabetes";"Have you ever been told by a doctor that you have diabetes?";"Yes";"BRFSS";"%";"Age-adjusted Prevalence";"9.8";"";"";"8.8";"10.8";"1090";"Overall";"Overall";"DIABETE3";"12";"12";"";"";"";"";"";""
"2927572";"2012";"GA";"Georgia";"Chronic Health Indicators";"Diabetes";"Have you ever been told by a doctor that you have diabetes?";"Yes";"BRFSS";"%";"Age-adjusted Prevalence";"9.7";"";"";"8.9";"10.6";"887";"Overall";"Overall";"DIABETE3";"13";"13";"";"";"";"";"";""
"2927268";"2012";"HI";"Hawaii";"Chronic Health Indicators";"Diabetes";"Have you ever been told by a doctor that you have diabetes?";"Yes";"BRFSS";"%";"Age-adjusted Prevalence";"7.0";"";"";"6.1";"8.0";"598";"Overall";"Overall";"DIABETE3";"14";"14";"";"";"";"";"";""
"2927356";"2012";"ID";"Idaho";"Chronic Health Indicators";"Diabetes";"Have you ever been told by a doctor that you have diabetes?";"Yes";"BRFSS";"%";"Age-adjusted Prevalence";"7.9";"";"";"7.0";"8.9";"725";"Overall";"Overall";"DIABETE3";"15";"15";"";"";"";"";"";""
"2927932";"2012";"IL";"Illinois";"Chronic Health Indicators";"Diabetes";"Have you ever been told by a doctor that you have diabetes?";"Yes";"BRFSS";"%";"Age-adjusted Prevalence";"8.9";"";"";"7.9";"9.8";"673";"Overall";"Overall";"DIABETE3";"16";"16";"";"";"";"";"";""
"2927728";"2012";"IN";"Indiana";"Chronic Health Indicators";"Diabetes";"Have you ever been told by a doctor that you have diabetes?";"Yes";"BRFSS";"%";"Age-adjusted Prevalence";"10.1";"";"";"9.4";"10.8";"1250";"Overall";"Overall";"DIABETE3";"17";"17";"";"";"";"";"";""
"2928010";"2012";"IA";"Iowa";"Chronic Health Indicators";"Diabetes";"Have you ever been told by a doctor that you have diabetes?";"Yes";"BRFSS";"%";"Age-adjusted Prevalence";"8.7";"";"";"8.0";"9.4";"881";"Overall";"Overall";"DIABETE3";"18";"18";"";"";"";"";"";""
"2927414";"2012";"KS";"Kansas";"Chronic Health Indicators";"Diabetes";"Have you ever been told by a doctor that you have diabetes?";"Yes";"BRFSS";"%";"Age-adjusted Prevalence";"8.8";"";"";"8.2";"9.4";"1453";"Overall";"Overall";"DIABETE3";"19";"19";"";"";"";"";"";""
"2928088";"2012";"KY";"Kentucky";"Chronic Health Indicators";"Diabetes";"Have you ever been told by a doctor that you have diabetes?";"Yes";"BRFSS";"%";"Age-adjusted Prevalence";"9.8";"";"";"9.0";"10.5";"1733";"Overall";"Overall";"DIABETE3";"20";"20";"";"";"";"";"";""
"2928273";"2012";"LA";"Louisiana";"Chronic Health Indicators";"Diabetes";"Have you ever been told by a doctor that you have diabetes?";"Yes";"BRFSS";"%";"Age-adjusted Prevalence";"11.6";"";"";"10.7";"12.4";"1513";"Overall";"Overall";"DIABETE3";"21";"21";"";"";"";"";"";""
"2928361";"2012";"ME";"Maine";"Chronic Health Indicators";"Diabetes";"Have you ever been told by a doctor that you have diabetes?";"Yes";"BRFSS";"%";"Age-adjusted Prevalence";"8.2";"";"";"7.6";"8.8";"1150";"Overall";"Overall";"DIABETE3";"22";"22";"";"";"";"";"";""
"2928646";"2012";"MD";"Maryland";"Chronic Health Indicators";"Diabetes";"Have you ever been told by a doctor that you have diabetes?";"Yes";"BRFSS";"%";"Age-adjusted Prevalence";"9.4";"";"";"8.8";"10.1";"1699";"Overall";"Overall";"DIABETE3";"23";"23";"";"";"";"";"";""
"2928241";"2012";"MA";"Massachusetts";"Chronic Health Indicators";"Diabetes";"Have you ever been told by a doctor that you have diabetes?";"Yes";"BRFSS";"%";"Age-adjusted Prevalence";"7.7";"";"";"7.2";"8.2";"2491";"Overall";"Overall";"DIABETE3";"24";"24";"";"";"";"";"";""
"2928430";"2012";"MI";"Michigan";"Chronic Health Indicators";"Diabetes";"Have you ever been told by a doctor that you have diabetes?";"Yes";"BRFSS";"%";"Age-adjusted Prevalence";"9.5";"";"";"8.7";"10.2";"1465";"Overall";"Overall";"DIABETE3";"25";"25";"";"";"";"";"";""
"2929027";"2012";"MN";"Minnesota";"Chronic Health Indicators";"Diabetes";"Have you ever been told by a doctor that you have diabetes?";"Yes";"BRFSS";"%";"Age-adjusted Prevalence";"6.8";"";"";"6.2";"7.4";"1131";"Overall";"Overall";"DIABETE3";"26";"26";"";"";"";"";"";""
"2928705";"2012";"MS";"Mississippi";"Chronic Health Indicators";"Diabetes";"Have you ever been told by a doctor that you have diabetes?";"Yes";"BRFSS";"%";"Age-adjusted Prevalence";"11.8";"";"";"10.9";"12.6";"1410";"Overall";"Overall";"DIABETE3";"27";"27";"";"";"";"";"";""
"2928501";"2012";"MO";"Missouri";"Chronic Health Indicators";"Diabetes";"Have you ever been told by a doctor that you have diabetes?";"Yes";"BRFSS";"%";"Age-adjusted Prevalence";"9.6";"";"";"8.7";"10.5";"987";"Overall";"Overall";"DIABETE3";"28";"28";"";"";"";"";"";""
"2929097";"2012";"MT";"Montana";"Chronic Health Indicators";"Diabetes";"Have you ever been told by a doctor that you have diabetes?";"Yes";"BRFSS";"%";"Age-adjusted Prevalence";"6.2";"";"";"5.7";"6.8";"884";"Overall";"Overall";"DIABETE3";"29";"29";"";"";"";"";"";""
"2928774";"2012";"NE";"Nebraska";"Chronic Health Indicators";"Diabetes";"Have you ever been told by a doctor that you have diabetes?";"Yes";"BRFSS";"%";"Age-adjusted Prevalence";"7.5";"";"";"7.0";"7.9";"2123";"Overall";"Overall";"DIABETE3";"30";"30";"";"";"";"";"";""
"2928862";"2012";"NV";"Nevada";"Chronic Health Indicators";"Diabetes";"Have you ever been told by a doctor that you have diabetes?";"Yes";"BRFSS";"%";"Age-adjusted Prevalence";"8.5";"";"";"7.3";"9.6";"497";"Overall";"Overall";"DIABETE3";"31";"31";"";"";"";"";"";""
"2928950";"2012";"NH";"New Hampshire";"Chronic Health Indicators";"Diabetes";"Have you ever been told by a doctor that you have diabetes?";"Yes";"BRFSS";"%";"Age-adjusted Prevalence";"7.9";"";"";"7.2";"8.5";"904";"Overall";"Overall";"DIABETE3";"32";"32";"";"";"";"";"";""
"2929232";"2012";"NJ";"New Jersey";"Chronic Health Indicators";"Diabetes";"Have you ever been told by a doctor that you have diabetes?";"Yes";"BRFSS";"%";"Age-adjusted Prevalence";"8.5";"";"";"7.9";"9.0";"1790";"Overall";"Overall";"DIABETE3";"33";"33";"";"";"";"";"";""
"2929418";"2012";"NM";"New Mexico";"Chronic Health Indicators";"Diabetes";"Have you ever been told by a doctor that you have diabetes?";"Yes";"BRFSS";"%";"Age-adjusted Prevalence";"9.4";"";"";"8.7";"10.1";"1076";"Overall";"Overall";"DIABETE3";"34";"34";"";"";"";"";"";""
"2929797";"2012";"NY";"New York";"Chronic Health Indicators";"Diabetes";"Have you ever been told by a doctor that you have diabetes?";"Yes";"BRFSS";"%";"Age-adjusted Prevalence";"9.0";"";"";"8.1";"10.0";"652";"Overall";"Overall";"DIABETE3";"35";"35";"";"";"";"";"";""
"2929303";"2012";"NC";"North Carolina";"Chronic Health Indicators";"Diabetes";"Have you ever been told by a doctor that you have diabetes?";"Yes";"BRFSS";"%";"Age-adjusted Prevalence";"9.7";"";"";"9.1";"10.3";"1565";"Overall";"Overall";"DIABETE3";"36";"36";"";"";"";"";"";""
"2929488";"2012";"ND";"North Dakota";"Chronic Health Indicators";"Diabetes";"Have you ever been told by a doctor that you have diabetes?";"Yes";"BRFSS";"%";"Age-adjusted Prevalence";"7.8";"";"";"7.0";"8.6";"548";"Overall";"Overall";"DIABETE3";"37";"37";"";"";"";"";"";""
"2929965";"2012";"OH";"Ohio";"Chronic Health Indicators";"Diabetes";"Have you ever been told by a doctor that you have diabetes?";"Yes";"BRFSS";"%";"Age-adjusted Prevalence";"10.5";"";"";"9.9";"11.2";"1914";"Overall";"Overall";"DIABETE3";"38";"38";"";"";"";"";"";""
"2929566";"2012";"OK";"Oklahoma";"Chronic Health Indicators";"Diabetes";"Have you ever been told by a doctor that you have diabetes?";"Yes";"BRFSS";"%";"Age-adjusted Prevalence";"10.6";"";"";"9.9";"11.3";"1185";"Overall";"Overall";"DIABETE3";"39";"39";"";"";"";"";"";""
"2929654";"2012";"OR";"Oregon";"Chronic Health Indicators";"Diabetes";"Have you ever been told by a doctor that you have diabetes?";"Yes";"BRFSS";"%";"Age-adjusted Prevalence";"9.1";"";"";"8.1";"10.0";"621";"Overall";"Overall";"DIABETE3";"40";"40";"";"";"";"";"";""
"2930131";"2012";"PA";"Pennsylvania";"Chronic Health Indicators";"Diabetes";"Have you ever been told by a doctor that you have diabetes?";"Yes";"BRFSS";"%";"Age-adjusted Prevalence";"8.9";"";"";"8.4";"9.5";"2573";"Overall";"Overall";"DIABETE3";"41";"41";"";"";"";"";"";""
"2929733";"2012";"RI";"Rhode Island";"Chronic Health Indicators";"Diabetes";"Have you ever been told by a doctor that you have diabetes?";"Yes";"BRFSS";"%";"Age-adjusted Prevalence";"8.9";"";"";"8.0";"9.8";"642";"Overall";"Overall";"DIABETE3";"42";"42";"";"";"";"";"";""
"2929917";"2012";"SC";"South Carolina";"Chronic Health Indicators";"Diabetes";"Have you ever been told by a doctor that you have diabetes?";"Yes";"BRFSS";"%";"Age-adjusted Prevalence";"10.6";"";"";"9.9";"11.2";"1976";"Overall";"Overall";"DIABETE3";"43";"43";"";"";"";"";"";""
"2930492";"2012";"SD";"South Dakota";"Chronic Health Indicators";"Diabetes";"Have you ever been told by a doctor that you have diabetes?";"Yes";"BRFSS";"%";"Age-adjusted Prevalence";"7.0";"";"";"6.2";"7.8";"829";"Overall";"Overall";"DIABETE3";"44";"44";"";"";"";"";"";""
"2930192";"2012";"TN";"Tennessee";"Chronic Health Indicators";"Diabetes";"Have you ever been told by a doctor that you have diabetes?";"Yes";"BRFSS";"%";"Age-adjusted Prevalence";"10.9";"";"";"10.0";"11.7";"1115";"Overall";"Overall";"DIABETE3";"45";"45";"";"";"";"";"";""
"2930766";"2012";"TX";"Texas";"Chronic Health Indicators";"Diabetes";"Have you ever been told by a doctor that you have diabetes?";"Yes";"BRFSS";"%";"Age-adjusted Prevalence";"10.6";"";"";"9.9";"11.4";"1245";"Overall";"Overall";"DIABETE3";"46";"46";"";"";"";"";"";""
"2930854";"2012";"UT";"Utah";"Chronic Health Indicators";"Diabetes";"Have you ever been told by a doctor that you have diabetes?";"Yes";"BRFSS";"%";"Age-adjusted Prevalence";"7.8";"";"";"7.3";"8.4";"1227";"Overall";"Overall";"DIABETE3";"47";"47";"";"";"";"";"";""
"2931158";"2012";"VT";"Vermont";"Chronic Health Indicators";"Diabetes";"Have you ever been told by a doctor that you have diabetes?";"Yes";"BRFSS";"%";"Age-adjusted Prevalence";"6.4";"";"";"5.7";"7.2";"562";"Overall";"Overall";"DIABETE3";"48";"48";"";"";"";"";"";""
"2930634";"2012";"VA";"Virginia";"Chronic Health Indicators";"Diabetes";"Have you ever been told by a doctor that you have diabetes?";"Yes";"BRFSS";"%";"Age-adjusted Prevalence";"9.9";"";"";"9.1";"10.7";"937";"Overall";"Overall";"DIABETE3";"49";"49";"";"";"";"";"";""
"2930333";"2012";"WA";"Washington";"Chronic Health Indicators";"Diabetes";"Have you ever been told by a doctor that you have diabetes?";"Yes";"BRFSS";"%";"Age-adjusted Prevalence";"8.3";"";"";"7.7";"8.8";"1703";"Overall";"Overall";"DIABETE3";"50";"50";"";"";"";"";"";""
"2930712";"2012";"WV";"West Virginia";"Chronic Health Indicators";"Diabetes";"Have you ever been told by a doctor that you have diabetes?";"Yes";"BRFSS";"%";"Age-adjusted Prevalence";"11.2";"";"";"10.3";"12.0";"849";"Overall";"Overall";"DIABETE3";"51";"51";"";"";"";"";"";""
"2930412";"2012";"WI";"Wisconsin";"Chronic Health Indicators";"Diabetes";"Have you ever been told by a doctor that you have diabetes?";"Yes";"BRFSS";"%";"Age-adjusted Prevalence";"7.5";"";"";"6.6";"8.5";"604";"Overall";"Overall";"DIABETE3";"52";"52";"";"";"";"";"";""
"2930892";"2012";"WY";"Wyoming";"Chronic Health Indicators";"Diabetes";"Have you ever been told by a doctor that you have diabetes?";"Yes";"BRFSS";"%";"Age-adjusted Prevalence";"8.4";"";"";"7.4";"9.4";"779";"Overall";"Overall";"DIABETE3";"53";"53";"";"";"";"";"";""
"2930980";"2012";"GU";"Guam";"Chronic Health Indicators";"Diabetes";"Have you ever been told by a doctor that you have diabetes?";"Yes";"BRFSS";"%";"Age-adjusted Prevalence";"10.7";"";"";"8.9";"12.5";"199";"Overall";"Overall";"DIABETE3";"56";"56";"";"";"";"";"";""
"2931068";"2012";"PR";"Puerto Rico";"Chronic Health Indicators";"Diabetes";"Have you ever been told by a doctor that you have diabetes?";"Yes";"BRFSS";"%";"Age-adjusted Prevalence";"15.2";"";"";"14.3";"16.1";"1191";"Overall";"Overall";"DIABETE3";"60";"60";"";"";"";"";"";""
"2922200";"2011";"AL";"Alabama";"Chronic Health Indicators";"Diabetes";"Have you ever been told by a doctor that you have diabetes?";"Yes";"BRFSS";"%";"Age-adjusted Prevalence";"10.9";"";"";"10.1";"11.7";"1215";"Overall";"Overall";"DIABETE3";"3";"3";"";"";"";"";"";""
"2922382";"2011";"AK";"Alaska";"Chronic Health Indicators";"Diabetes";"Have you ever been told by a doctor that you have diabetes?";"Yes";"BRFSS";"%";"Age-adjusted Prevalence";"8.4";"";"";"6.9";"9.9";"301";"Overall";"Overall";"DIABETE3";"4";"4";"";"";"";"";"";""
"2922465";"2011";"AZ";"Arizona";"Chronic Health Indicators";"Diabetes";"Have you ever been told by a doctor that you have diabetes?";"Yes";"BRFSS";"%";"Age-adjusted Prevalence";"9.0";"";"";"7.9";"10.2";"808";"Overall";"Overall";"DIABETE3";"5";"5";"";"";"";"";"";""
"2922645";"2011";"AR";"Arkansas";"Chronic Health Indicators";"Diabetes";"Have you ever been told by a doctor that you have diabetes?";"Yes";"BRFSS";"%";"Age-adjusted Prevalence";"10.3";"";"";"9.2";"11.4";"739";"Overall";"Overall";"DIABETE3";"6";"6";"";"";"";"";"";""
"2922333";"2011";"CA";"California";"Chronic Health Indicators";"Diabetes";"Have you ever been told by a doctor that you have diabetes?";"Yes";"BRFSS";"%";"Age-adjusted Prevalence";"8.5";"";"";"7.9";"9.0";"1823";"Overall";"Overall";"DIABETE3";"7";"7";"";"";"";"";"";""
"2922516";"2011";"CO";"Colorado";"Chronic Health Indicators";"Diabetes";"Have you ever been told by a doctor that you have diabetes?";"Yes";"BRFSS";"%";"Age-adjusted Prevalence";"6.7";"";"";"6.1";"7.2";"1212";"Overall";"Overall";"DIABETE3";"8";"8";"";"";"";"";"";""
"2922698";"2011";"CT";"Connecticut";"Chronic Health Indicators";"Diabetes";"Have you ever been told by a doctor that you have diabetes?";"Yes";"BRFSS";"%";"Age-adjusted Prevalence";"8.5";"";"";"7.7";"9.2";"753";"Overall";"Overall";"DIABETE3";"9";"9";"";"";"";"";"";""
"2923096";"2011";"DE";"Delaware";"Chronic Health Indicators";"Diabetes";"Have you ever been told by a doctor that you have diabetes?";"Yes";"BRFSS";"%";"Age-adjusted Prevalence";"8.8";"";"";"7.8";"9.8";"602";"Overall";"Overall";"DIABETE3";"10";"10";"";"";"";"";"";""
"2922768";"2011";"DC";"District of Columbia";"Chronic Health Indicators";"Diabetes";"Have you ever been told by a doctor that you have diabetes?";"Yes";"BRFSS";"%";"Age-adjusted Prevalence";"9.5";"";"";"8.4";"10.6";"541";"Overall";"Overall";"DIABETE3";"11";"11";"";"";"";"";"";""
"2922851";"2011";"FL";"Florida";"Chronic Health Indicators";"Diabetes";"Have you ever been told by a doctor that you have diabetes?";"Yes";"BRFSS";"%";"Age-adjusted Prevalence";"8.9";"";"";"8.3";"9.6";"1760";"Overall";"Overall";"DIABETE3";"12";"12";"";"";"";"";"";""
"2922934";"2011";"GA";"Georgia";"Chronic Health Indicators";"Diabetes";"Have you ever been told by a doctor that you have diabetes?";"Yes";"BRFSS";"%";"Age-adjusted Prevalence";"10.3";"";"";"9.6";"11.0";"1482";"Overall";"Overall";"DIABETE3";"13";"13";"";"";"";"";"";""
"2923017";"2011";"HI";"Hawaii";"Chronic Health Indicators";"Diabetes";"Have you ever been told by a doctor that you have diabetes?";"Yes";"BRFSS";"%";"Age-adjusted Prevalence";"7.8";"";"";"7.1";"8.6";"824";"Overall";"Overall";"DIABETE3";"14";"14";"";"";"";"";"";""
"2923394";"2011";"ID";"Idaho";"Chronic Health Indicators";"Diabetes";"Have you ever been told by a doctor that you have diabetes?";"Yes";"BRFSS";"%";"Age-adjusted Prevalence";"9.0";"";"";"8.1";"10.0";"767";"Overall";"Overall";"DIABETE3";"15";"15";"";"";"";"";"";""
"2923181";"2011";"IL";"Illinois";"Chronic Health Indicators";"Diabetes";"Have you ever been told by a doctor that you have diabetes?";"Yes";"BRFSS";"%";"Age-adjusted Prevalence";"9.4";"";"";"8.3";"10.4";"693";"Overall";"Overall";"DIABETE3";"16";"16";"";"";"";"";"";""
"2923264";"2011";"IN";"Indiana";"Chronic Health Indicators";"Diabetes";"Have you ever been told by a doctor that you have diabetes?";"Yes";"BRFSS";"%";"Age-adjusted Prevalence";"9.6";"";"";"8.9";"10.3";"1181";"Overall";"Overall";"DIABETE3";"17";"17";"";"";"";"";"";""
"2923654";"2011";"IA";"Iowa";"Chronic Health Indicators";"Diabetes";"Have you ever been told by a doctor that you have diabetes?";"Yes";"BRFSS";"%";"Age-adjusted Prevalence";"7.2";"";"";"6.7";"7.8";"801";"Overall";"Overall";"DIABETE3";"18";"18";"";"";"";"";"";""
"2923525";"2011";"KS";"Kansas";"Chronic Health Indicators";"Diabetes";"Have you ever been told by a doctor that you have diabetes?";"Yes";"BRFSS";"%";"Age-adjusted Prevalence";"8.9";"";"";"8.5";"9.3";"2584";"Overall";"Overall";"DIABETE3";"19";"19";"";"";"";"";"";""
"2923315";"2011";"KY";"Kentucky";"Chronic Health Indicators";"Diabetes";"Have you ever been told by a doctor that you have diabetes?";"Yes";"BRFSS";"%";"Age-adjusted Prevalence";"10.0";"";"";"9.3";"10.8";"1742";"Overall";"Overall";"DIABETE3";"20";"20";"";"";"";"";"";""
"2923708";"2011";"LA";"Louisiana";"Chronic Health Indicators";"Diabetes";"Have you ever been told by a doctor that you have diabetes?";"Yes";"BRFSS";"%";"Age-adjusted Prevalence";"11.4";"";"";"10.6";"12.2";"1716";"Overall";"Overall";"DIABETE3";"21";"21";"";"";"";"";"";""
"2923791";"2011";"ME";"Maine";"Chronic Health Indicators";"Diabetes";"Have you ever been told by a doctor that you have diabetes?";"Yes";"BRFSS";"%";"Age-adjusted Prevalence";"8.3";"";"";"7.8";"8.8";"1532";"Overall";"Overall";"DIABETE3";"22";"22";"";"";"";"";"";""
"2923874";"2011";"MD";"Maryland";"Chronic Health Indicators";"Diabetes";"Have you ever been told by a doctor that you have diabetes?";"Yes";"BRFSS";"%";"Age-adjusted Prevalence";"9.0";"";"";"8.2";"9.7";"1213";"Overall";"Overall";"DIABETE3";"23";"23";"";"";"";"";"";""
"2923957";"2011";"MA";"Massachusetts";"Chronic Health Indicators";"Diabetes";"Have you ever been told by a doctor that you have diabetes?";"Yes";"BRFSS";"%";"Age-adjusted Prevalence";"7.5";"";"";"7.0";"8.0";"2561";"Overall";"Overall";"DIABETE3";"24";"24";"";"";"";"";"";""
"2924040";"2011";"MI";"Michigan";"Chronic Health Indicators";"Diabetes";"Have you ever been told by a doctor that you have diabetes?";"Yes";"BRFSS";"%";"Age-adjusted Prevalence";"9.2";"";"";"8.5";"9.9";"1475";"Overall";"Overall";"DIABETE3";"25";"25";"";"";"";"";"";""
"2924123";"2011";"MN";"Minnesota";"Chronic Health Indicators";"Diabetes";"Have you ever been told by a doctor that you have diabetes?";"Yes";"BRFSS";"%";"Age-adjusted Prevalence";"6.9";"";"";"6.4";"7.4";"1317";"Overall";"Overall";"DIABETE3";"26";"26";"";"";"";"";"";""
"2924600";"2011";"MS";"Mississippi";"Chronic Health Indicators";"Diabetes";"Have you ever been told by a doctor that you have diabetes?";"Yes";"BRFSS";"%";"Age-adjusted Prevalence";"11.7";"";"";"10.9";"12.4";"1565";"Overall";"Overall";"DIABETE3";"27";"27";"";"";"";"";"";""
"2924779";"2011";"MO";"Missouri";"Chronic Health Indicators";"Diabetes";"Have you ever been told by a doctor that you have diabetes?";"Yes";"BRFSS";"%";"Age-adjusted Prevalence";"9.4";"";"";"8.5";"10.3";"881";"Overall";"Overall";"DIABETE3";"28";"28";"";"";"";"";"";""
"2924862";"2011";"MT";"Montana";"Chronic Health Indicators";"Diabetes";"Have you ever been told by a doctor that you have diabetes?";"Yes";"BRFSS";"%";"Age-adjusted Prevalence";"7.0";"";"";"6.4";"7.7";"1020";"Overall";"Overall";"DIABETE3";"29";"29";"";"";"";"";"";""
"2924242";"2011";"NE";"Nebraska";"Chronic Health Indicators";"Diabetes";"Have you ever been told by a doctor that you have diabetes?";"Yes";"BRFSS";"%";"Age-adjusted Prevalence";"7.8";"";"";"7.3";"8.2";"2842";"Overall";"Overall";"DIABETE3";"30";"30";"";"";"";"";"";""
"2924731";"2011";"NV";"Nevada";"Chronic Health Indicators";"Diabetes";"Have you ever been told by a doctor that you have diabetes?";"Yes";"BRFSS";"%";"Age-adjusted Prevalence";"10.0";"";"";"8.6";"11.5";"562";"Overall";"Overall";"DIABETE3";"31";"31";"";"";"";"";"";""
"2924915";"2011";"NH";"New Hampshire";"Chronic Health Indicators";"Diabetes";"Have you ever been told by a doctor that you have diabetes?";"Yes";"BRFSS";"%";"Age-adjusted Prevalence";"7.7";"";"";"7.1";"8.4";"772";"Overall";"Overall";"DIABETE3";"32";"32";"";"";"";"";"";""
"2924297";"2011";"NJ";"New Jersey";"Chronic Health Indicators";"Diabetes";"Have you ever been told by a doctor that you have diabetes?";"Yes";"BRFSS";"%";"Age-adjusted Prevalence";"8.1";"";"";"7.5";"8.6";"1741";"Overall";"Overall";"DIABETE3";"33";"33";"";"";"";"";"";""
"2924985";"2011";"NM";"New Mexico";"Chronic Health Indicators";"Diabetes";"Have you ever been told by a doctor that you have diabetes?";"Yes";"BRFSS";"%";"Age-adjusted Prevalence";"9.3";"";"";"8.6";"10.0";"1198";"Overall";"Overall";"DIABETE3";"34";"34";"";"";"";"";"";""
"2925068";"2011";"NY";"New York";"Chronic Health Indicators";"Diabetes";"Have you ever been told by a doctor that you have diabetes?";"Yes";"BRFSS";"%";"Age-adjusted Prevalence";"9.8";"";"";"9.0";"10.5";"888";"Overall";"Overall";"DIABETE3";"35";"35";"";"";"";"";"";""
"2924446";"2011";"NC";"North Carolina";"Chronic Health Indicators";"Diabetes";"Have you ever been told by a doctor that you have diabetes?";"Yes";"BRFSS";"%";"Age-adjusted Prevalence";"10.2";"";"";"9.5";"11.0";"1616";"Overall";"Overall";"DIABETE3";"36";"36";"";"";"";"";"";""
"2925134";"2011";"ND";"North Dakota";"Chronic Health Indicators";"Diabetes";"Have you ever been told by a doctor that you have diabetes?";"Yes";"BRFSS";"%";"Age-adjusted Prevalence";"7.5";"";"";"6.8";"8.3";"554";"Overall";"Overall";"DIABETE3";"37";"37";"";"";"";"";"";""
"2924513";"2011";"OH";"Ohio";"Chronic Health Indicators";"Diabetes";"Have you ever been told by a doctor that you have diabetes?";"Yes";"BRFSS";"%";"Age-adjusted Prevalence";"9.1";"";"";"8.5";"9.8";"1308";"Overall";"Overall";"DIABETE3";"38";"38";"";"";"";"";"";""
"2925682";"2011";"OK";"Oklahoma";"Chronic Health Indicators";"Diabetes";"Have you ever been told by a doctor that you have diabetes?";"Yes";"BRFSS";"%";"Age-adjusted Prevalence";"10.5";"";"";"9.7";"11.3";"1251";"Overall";"Overall";"DIABETE3";"39";"39";"";"";"";"";"";""
"2925765";"2011";"OR";"Oregon";"Chronic Health Indicators";"Diabetes";"Have you ever been told by a doctor that you have diabetes?";"Yes";"BRFSS";"%";"Age-adjusted Prevalence";"8.4";"";"";"7.6";"9.2";"699";"Overall";"Overall";"DIABETE3";"40";"40";"";"";"";"";"";""
"2925848";"2011";"PA";"Pennsylvania";"Chronic Health Indicators";"Diabetes";"Have you ever been told by a doctor that you have diabetes?";"Yes";"BRFSS";"%";"Age-adjusted Prevalence";"8.3";"";"";"7.7";"8.9";"1378";"Overall";"Overall";"DIABETE3";"41";"41";"";"";"";"";"";""
"2925236";"2011";"RI";"Rhode Island";"Chronic Health Indicators";"Diabetes";"Have you ever been told by a doctor that you have diabetes?";"Yes";"BRFSS";"%";"Age-adjusted Prevalence";"7.7";"";"";"7.0";"8.5";"683";"Overall";"Overall";"DIABETE3";"42";"42";"";"";"";"";"";""
"2926011";"2011";"SC";"South Carolina";"Chronic Health Indicators";"Diabetes";"Have you ever been told by a doctor that you have diabetes?";"Yes";"BRFSS";"%";"Age-adjusted Prevalence";"11.3";"";"";"10.5";"12.0";"2069";"Overall";"Overall";"DIABETE3";"43";"43";"";"";"";"";"";""
"2925902";"2011";"SD";"South Dakota";"Chronic Health Indicators";"Diabetes";"Have you ever been told by a doctor that you have diabetes?";"Yes";"BRFSS";"%";"Age-adjusted Prevalence";"8.7";"";"";"7.7";"9.7";"1005";"Overall";"Overall";"DIABETE3";"44";"44";"";"";"";"";"";""
"2925293";"2011";"TN";"Tennessee";"Chronic Health Indicators";"Diabetes";"Have you ever been told by a doctor that you have diabetes?";"Yes";"BRFSS";"%";"Age-adjusted Prevalence";"10.3";"";"";"9.1";"11.6";"943";"Overall";"Overall";"DIABETE3";"45";"45";"";"";"";"";"";""
"2925376";"2011";"TX";"Texas";"Chronic Health Indicators";"Diabetes";"Have you ever been told by a doctor that you have diabetes?";"Yes";"BRFSS";"%";"Age-adjusted Prevalence";"10.2";"";"";"9.5";"10.9";"2062";"Overall";"Overall";"DIABETE3";"46";"46";"";"";"";"";"";""
"2925459";"2011";"UT";"Utah";"Chronic Health Indicators";"Diabetes";"Have you ever been told by a doctor that you have diabetes?";"Yes";"BRFSS";"%";"Age-adjusted Prevalence";"7.4";"";"";"6.9";"7.9";"1144";"Overall";"Overall";"DIABETE3";"47";"47";"";"";"";"";"";""
"2925542";"2011";"VT";"Vermont";"Chronic Health Indicators";"Diabetes";"Have you ever been told by a doctor that you have diabetes?";"Yes";"BRFSS";"%";"Age-adjusted Prevalence";"6.8";"";"";"6.1";"7.4";"698";"Overall";"Overall";"DIABETE3";"48";"48";"";"";"";"";"";""
"2925625";"2011";"VA";"Virginia";"Chronic Health Indicators";"Diabetes";"Have you ever been told by a doctor that you have diabetes?";"Yes";"BRFSS";"%";"Age-adjusted Prevalence";"9.9";"";"";"8.9";"10.8";"851";"Overall";"Overall";"DIABETE3";"49";"49";"";"";"";"";"";""
"2926101";"2011";"WA";"Washington";"Chronic Health Indicators";"Diabetes";"Have you ever been told by a doctor that you have diabetes?";"Yes";"BRFSS";"%";"Age-adjusted Prevalence";"8.5";"";"";"7.9";"9.1";"1731";"Overall";"Overall";"DIABETE3";"50";"50";"";"";"";"";"";""
"2926390";"2011";"WV";"West Virginia";"Chronic Health Indicators";"Diabetes";"Have you ever been told by a doctor that you have diabetes?";"Yes";"BRFSS";"%";"Age-adjusted Prevalence";"10.6";"";"";"9.7";"11.4";"762";"Overall";"Overall";"DIABETE3";"51";"51";"";"";"";"";"";""
"2926473";"2011";"WI";"Wisconsin";"Chronic Health Indicators";"Diabetes";"Have you ever been told by a doctor that you have diabetes?";"Yes";"BRFSS";"%";"Age-adjusted Prevalence";"7.6";"";"";"6.8";"8.5";"616";"Overall";"Overall";"DIABETE3";"52";"52";"";"";"";"";"";""
"2926250";"2011";"WY";"Wyoming";"Chronic Health Indicators";"Diabetes";"Have you ever been told by a doctor that you have diabetes?";"Yes";"BRFSS";"%";"Age-adjusted Prevalence";"7.8";"";"";"6.9";"8.7";"656";"Overall";"Overall";"DIABETE3";"53";"53";"";"";"";"";"";""
"2926737";"2011";"GU";"Guam";"Chronic Health Indicators";"Diabetes";"Have you ever been told by a doctor that you have diabetes?";"Yes";"BRFSS";"%";"Age-adjusted Prevalence";"11.4";"";"";"9.5";"13.2";"186";"Overall";"Overall";"DIABETE3";"56";"56";"";"";"";"";"";""
"2926520";"2011";"PR";"Puerto Rico";"Chronic Health Indicators";"Diabetes";"Have you ever been told by a doctor that you have diabetes?";"Yes";"BRFSS";"%";"Age-adjusted Prevalence";"13.4";"";"";"12.5";"14.2";"1191";"Overall";"Overall";"DIABETE3";"60";"60";"";"";"";"";"";""
